문장,주제,분할,소주제
적도는 위도 0도의 선으로 지구를 북반구와 남반구로 나눈다.,지리,test,위치
1866년 프랑스 함대가 강화도를 침략한 병인양요가 일어났다.,역사,train,근대 한국
"역선택은, 정보가 부족한 쪽이 위험이 높은 상대와 거래하게 되는 현상으로 보험 시장에서 흔히 나타난다.",경제,validation,보험
물가,경제,train,짧은 문장
"센터서클의 반지름은 9.15미터이며, 킥오프 때 상대 선수는 이 원 밖에 있어야 한다.",스포츠,train,축구
색동은 여러 색 천을 잇대어 만든 줄무늬로 어린이 저고리 소매에 많이 썼다.,문화,train,전통 생활
잉글랜드 프리미어리그는 1992년에 출범했다.,스포츠,train,축구
김춘추는 654년 진골 출신으로 처음 왕위에 올라 태종 무열왕이 되었다.,역사,train,신라
제너는 1796년 우두를 접종해 천연두를 예방하는 종두법을 처음 시도했다.,과학,train,의학
지각을 이루는 원소를 질량으로 따지면 산소가 가장 많고 그다음은 규소이다.,역사,validation,원소
카르타고의 한니발은 기원전 218년 코끼리 부대를 이끌고 알프스산맥을 넘었다.,역사,train,고대 로마
한국의 화폐 단위는 원이며 지폐와 동전은 중앙은행인 한국은행이 발행한다.,경제,validation,화폐
대학수학능력시험 영어 영역은 2018학년도부터 절대평가로 바뀌었다.,사회,validation,교육
수양대군은 1453년 계유정난을 일으켜 김종서 등을 죽이고 권력을 잡았다.,역사,train,조선 전기
헌법재판소가 법률의 위헌을 결정하려면 재판관 6명 이상이 찬성해야 한다.,사회,train,법
유러피언 컵은 1992-93 시즌부터 UEFA 챔피언스리그로 이름이 바뀌었다.,스포츠,train,축구
실질 임금은 받은 임금의 액수를 물가 수준으로 나누어 실제 구매력으로 나타낸 것이다.,경제,test,노동
K리그는 2012년부터 시즌 막바지에 상위와 하위 그룹으로 나뉘어 겨루는 스플릿 방식을 도입했다.,스포츠,train,축구
"설악산의 가장 높은 봉우리인 대청봉은 높이가 1,708미터이다.",문화,train,한국의 산
지의류는 균류와 조류가 함께 사는 공생체로 맨 바위 위에서도 자란다.,과학,train,생태
유두는 음력 6월 15일로 동쪽으로 흐르는 물에 머리를 감는 풍습이 있었다.,문화,train,세시풍속
국제우주정거장은 1998년 첫 모듈이 궤도에 오르며 조립이 시작된 다국적 유인 시설이다.,과학,train,우주탐사
한국의 경제 활동 인구는 만 15세 이상 인구 가운데 취업자와 실업자를 합한 것이다.,경제,train,노동
국채는 정부가 모자란 재정 자금을 마련하려고 발행하는 채권이다.,경제,train,재정
국민기초생활보장법은 1999년 9월에 제정되어 2000년 10월부터 시행되었다.,사회,validation,복지
초·중·고등학교의 학년도는 3월 1일에 시작해 다음 해 2월 말일에 끝난다.,사회,train,교육
양쯔강은 중국에서 가장 긴 강으로 상하이 부근에서 동중국해로 들어간다.,지리,train,세계의 강
페르시아의 키루스 2세는 기원전 539년 바빌론을 점령했다.,역사,train,고대 오리엔트
잉글랜드 해군은 1588년 스페인의 무적함대를 물리쳤다.,역사,train,근세 유럽
돌연변이는 DNA 염기 서열이나 염색체에 변화가 생겨 새로운 형질이 나타나는 현상이다.,과학,train,유전
보건소는 시·군·구마다 설치되어 예방접종과 건강 증진 사업을 맡는다.,사회,train,보건 의료
국제천문연맹은 2006년 명왕성을 행성 목록에서 빼고 왜소행성으로 다시 분류했다.,과학,train,천문
디플레이션은 물가 수준이 전반적으로 오랫동안 떨어지는 현상으로 경기 침체와 함께 오기 쉽다.,경제,train,물가
유치원과 어린이집의 공통 교육과정인 누리과정은 2012년 만 5세부터 도입되었다.,사회,train,교육
거미는 다리가 네 쌍이어서 곤충이 아니라 거미류로 분류된다.,과학,train,생물
농구 골대의 링은 바닥에서 3.05미터 높이에 달려 있다.,스포츠,train,농구
"DNA 이중 나선에서 아데닌은 티민과, 구아닌은 시토신과 짝을 이룬다.",과학,train,유전
태조 왕건은 후대 왕들이 지켜야 할 가르침으로 훈요 10조를 남겼다.,역사,train,고려 전기
명나라의 정화는 1405년부터 일곱 차례에 걸쳐 대규모 원정 함대를 이끌었다.,역사,validation,명·청
식물은 광합성을 통해 빛에너지로 이산화탄소와 물에서 포도당을 만들고 산소를 내놓는다.,과학,train,생물
네온을 채운 유리관에 전압을 걸면 붉은 주황빛이 나와 간판 조명에 쓰였다.,과학,train,원소
마리아나 해구는 서태평양에 있는 세계에서 가장 깊은 해구이다.,지리,validation,바다
대한민국의 의무교육은 초등학교 6년과 중학교 3년을 합친 9년이다.,사회,train,교육
개인정보 보호법은 2011년 9월 30일부터 시행되었다.,사회,train,법
연합군은 1944년 6월 6일 프랑스 노르망디 해안에 상륙했다.,역사,train,제2차 세계 대전
태평양은 지구의 바다 가운데 가장 넓고 가장 깊다.,지리,train,바다
한복,문화,train,짧은 문장
2002년 월드컵 16강에서 대한민국은 이탈리아를 연장전 골든골로 2-1로 이겼다.,스포츠,train,축구
"옹기는, 흙으로 빚어 잿물을 입혀 구운 그릇으로 장과 김치를 담는 데 썼다.",문화,train,공예
뱅크런은 은행이 위험하다는 불안 때문에 예금자들이 한꺼번에 돈을 찾으려 몰리는 사태이다.,경제,train,금융
국민기초생활보장제도는 이전의 생활보호제도를 대신해 도입되었다.,사회,train,복지
한계 효용 체감의 법칙은 같은 재화를 더 소비할수록 추가로 얻는 만족이 줄어든다는 원리이다.,경제,test,경제개념
검정고시는 학교를 다니지 않은 사람도 시험을 거쳐 졸업 학력을 인정받게 하는 제도다.,사회,train,교육
온실 효과는 대기 중 이산화탄소와 수증기 등이 지표의 열을 붙잡아 기온을 높이는 현상이다.,과학,train,기상
"헌법은 근로자의 단결권, 단체교섭권, 단체행동권을 노동 3권으로 보장한다.",사회,train,노동
신용 카드로 결제하면 대금을 바로 내지 않고 정해진 결제일에 한꺼번에 갚는다.,경제,train,금융
한국은 1993년 금융 거래를 실제 이름으로만 하도록 하는 금융 실명제를 실시했다.,경제,train,경제사
미국은 1917년 4월 독일에 선전 포고하며 제1차 세계 대전에 참전했다.,역사,train,제1차 세계 대전
석굴암과 불국사는 1995년 유네스코 세계유산으로 등재되었다.,문화,train,문화유산
프리즘을 통과한 햇빛은 파장마다 굴절 정도가 달라 여러 색의 띠로 나뉜다.,과학,train,광학
윤동주의 유고 시집 『하늘과 바람과 별과 시』는 1948년에 간행되었다.,문화,validation,문학
1882년 차별 대우에 불만을 품은 구식 군인들이 임오군란을 일으켰다.,역사,train,근대 한국
구리는 전기가 잘 통하고 가공하기 쉬워 전선 재료로 많이 쓰인다.,과학,train,원소
원성왕은 788년 독서삼품과를 두어 유교 경전 실력으로 관리를 뽑았다.,역사,train,통일 신라
블랙홀은 중력이 워낙 강해서 빛조차 빠져나오지 못하는 천체이다.,과학,train,천문
세계육상선수권대회는 1983년 핀란드 헬싱키에서 처음 열렸다.,스포츠,train,육상
1969년 아폴로 11호의 우주 비행사들이 처음으로 달 표면에 발을 디뎠다.,과학,validation,우주탐사
린네는 속명과 종소명을 함께 적는 이명법으로 생물의 학명을 붙이는 방식을 정리했다.,과학,train,생물
벤처 기업은 새로운 기술이나 아이디어를 바탕으로 위험을 무릅쓰고 사업을 벌이는 신생 기업이다.,지리,train,산업
"사회 간접 자본은 도로, 항만, 철도처럼 생산 활동의 바탕이 되는 공공 시설을 말한다.",경제,train,산업
법조인 선발 시험이던 사법시험은 2017년을 끝으로 폐지되었다.,사회,train,법
부산은 한반도 남동쪽 끝의 바닷가에 자리한 항구 도시이다.,지리,train,한국의 도시
체호프의 희곡 「벚꽃 동산」은 몰락해 가는 지주 집안을 그린 작품이다.,문화,validation,연극
고려는 1392년 공양왕이 물러나면서 474년 만에 막을 내렸다.,역사,train,고려 후기
판소리 공연에서 고수나 청중이 '얼씨구' 하고 흥을 돋우는 소리를 추임새라 한다.,문화,train,국악
위만은 기원전 194년 무렵 준왕을 몰아내고 고조선의 왕위에 올랐다.,역사,train,고조선
장수왕은 427년 고구려의 도읍을 국내성에서 평양으로 옮겼다.,역사,validation,고구려
아동수당은 2018년 9월에 처음 지급되었다.,사회,test,복지
여러 의료보험 조직이 통합되어 2000년 국민건강보험공단이 출범했다.,사회,train,사회보험
간접세는 세금이 물건값에 얹혀 실제 부담이 소비자에게 넘어가는 세금이다.,경제,train,재정
"오방색은 청, 적, 황, 백, 흑의 다섯 색으로 다섯 방위를 뜻한다.",문화,validation,전통 생활
마르코니는 1901년 대서양을 건너온 무선 전신 신호를 수신하는 데 성공했다.,과학,train,발명
카메를링 오너스는 1911년 액체 헬륨으로 냉각한 수은의 저항이 사라지는 현상을 처음 관찰했다.,과학,train,물리
누리호는 2022년 두 번째 발사에서 성능 검증 위성을 궤도에 올리는 데 성공했다.,과학,train,우주탐사
1919년 베이징의 학생들이 파리 강화 회의 결정에 항의하며 5·4 운동을 일으켰다.,역사,validation,근대 중국
강감찬은 1019년 귀주에서 거란의 10만 대군을 크게 무찔렀다.,역사,train,고려 전기
지금의 월드컵 트로피는 1974년 서독 대회부터 우승국에 주어졌다.,스포츠,train,축구
농민 출신 주원장은 1368년 난징을 도읍으로 삼아 명나라를 세웠다.,역사,train,명·청
2022년에 발사된 다누리는 한국이 처음으로 달 궤도에 보낸 탐사선이다.,과학,validation,우주탐사
법학전문대학원은 2009년에 문을 열었고 변호사시험은 2012년에 처음 치러졌다.,사회,train,법
누벨바그는 1950년대 말 프랑스에서 젊은 감독들이 일으킨 새로운 영화 흐름이다.,문화,train,영화
백혈구는 몸속에 들어온 세균이나 이물질을 잡아먹거나 물리쳐 몸을 지킨다.,과학,train,인체
"대한민국에서는 범죄 신고를 112로, 화재와 구조 신고를 119로 한다.",사회,train,공공기관
선덕여왕은 632년 왕위에 올라 신라 최초의 여왕이 되었다.,역사,train,신라
대한민국은 2010년 남아프리카 공화국 대회에서 처음으로 원정 월드컵 16강에 올랐다.,스포츠,train,축구
"1997년에 교육법이 교육기본법, 초·중등교육법, 고등교육법의 세 법으로 나뉘었다.",사회,train,교육
건강보험심사평가원은 진료비 심사와 의료의 적정성 평가를 맡는 기관이다.,사회,validation,보건 의료
압록강은 한반도에서 가장 긴 강으로 서해로 흘러든다.,지리,validation,한국의 강
서울은 1988년 제24회 하계 올림픽을 열었다.,스포츠,train,올림픽
배구는 1895년 미국 매사추세츠주 홀리요크에서 윌리엄 모건이 만들었다.,스포츠,train,배구
도로명주소는 2014년 1월 1일부터 전면 사용되었다.,사회,test,공공기관
바빌로니아의 함무라비 왕은 기원전 18세기에 법전을 만들어 나라를 다스렸다.,역사,train,고대 오리엔트
처음 농구를 할 때는 복숭아 바구니를 높이 매달아 골대로 썼다.,스포츠,train,농구
발해는 926년 거란의 침입을 받아 도읍 상경이 함락되며 멸망했다.,지리,train,발해
수입 할당제는 특정 상품의 수입량에 상한을 두어 국내 공급을 조절하는 무역 정책이다.,경제,validation,무역
야구에서 공격 팀은 아웃 세 개를 당하면 수비 팀과 자리를 바꾼다.,스포츠,train,야구
"헌법재판관은 대통령, 국회, 대법원장이 각각 3명씩 정한 사람을 대통령이 임명한다.",사회,test,법
독일은 1939년 9월 1일 폴란드를 침공해 제2차 세계 대전을 일으켰다.,역사,validation,제2차 세계 대전
한국의 근대 축구는 1882년 인천항에 들어온 영국 군함 승무원들을 통해 전해졌다고 알려져 있다.,스포츠,train,축구
애덤 스미스는 1776년 『국부론』을 펴내 분업과 시장의 역할을 체계적으로 설명했다.,경제,train,경제사
판소리,문화,validation,짧은 문장
여자 실업 축구 리그인 WK리그는 2009년 여섯 팀으로 출범했다.,스포츠,train,축구
"공급망은 원자재 조달부터 생산, 유통, 판매까지 이어지는 산업의 흐름을 말한다.",경제,train,산업
신경 세포인 뉴런은 전기 신호와 화학 물질로 정보를 전달한다.,과학,train,인체
삼국사기에 따르면 주몽은 기원전 37년 졸본에서 고구려를 세웠다.,역사,train,고구려
2016년부터 읍·면·동 주민센터 이름을 행정복지센터로 바꾸는 작업이 진행되었다.,사회,train,공공기관
세종 때 김종서는 두만강 하류 지역에 6진을 개척했다.,역사,train,조선 전기
외부 효과는 어떤 경제 활동이 대가 없이 제3자에게 이익이나 손해를 끼치는 현상이다.,경제,train,경제개념
전방 압박은 공격수부터 상대 진영에서 수비에 나서 공을 빨리 되찾으려는 축구 전술이다.,스포츠,train,축구
소포클레스의 「오이디푸스 왕」은 운명을 피하려다 끝내 그 운명에 이르는 왕의 비극이다.,문화,train,연극
배구는 1964년 도쿄 올림픽에서 정식 종목이 되었다.,스포츠,train,배구
나폴레옹은 1804년 국민 투표를 거쳐 프랑스 황제에 올랐다.,역사,test,나폴레옹
1966년 웸블리 경기장 결승에서 잉글랜드는 연장 끝에 서독을 4-2로 이겼다.,스포츠,train,축구
"수영 경영 종목의 영법은 자유형, 배영, 평영, 접영 네 가지다.",스포츠,train,수영
문주왕은 475년 한성이 무너지자 백제의 도읍을 웅진으로 옮겼다.,역사,train,백제
유럽 축구 클럽 대항전인 유러피언 컵은 1955-56 시즌에 시작되었다.,스포츠,train,축구
1871년 미국 함대가 강화도를 공격한 신미양요가 일어났다.,역사,train,근대 한국
단리는 원금에만 이자가 붙고 복리는 원금과 쌓인 이자를 합한 금액에 이자가 붙는다.,경제,train,금융
"아프리카 네이션스컵은 1957년 수단에서 이집트, 에티오피아, 수단 세 나라로 시작했다.",스포츠,train,축구
수비형 미드필더는 수비 라인 앞에서 상대 공격을 먼저 끊어 내는 역할을 한다.,스포츠,train,축구
수요 곡선과 공급 곡선이 만나는 점에서 균형 가격과 균형 거래량이 정해진다.,경제,train,경제개념
관세는 나라 밖에서 들여오는 물품에 매기는 세금으로 수입품 가격을 높이는 효과가 있다.,경제,test,무역
자치경찰제는 2021년 7월 1일 전국에서 전면 시행되었다.,사회,train,공공기관
간장과 된장을 담은 장독을 모아 두는 곳을 장독대라고 한다.,문화,train,음식 문화
수요 견인 인플레이션은 총수요가 총공급보다 빠르게 늘어 물가가 오르는 현상이다.,경제,train,물가
메이플라워호를 탄 청교도들은 1620년 북아메리카의 플리머스에 닿았다.,역사,train,미국사
"나비는 알, 애벌레, 번데기, 어른벌레의 단계를 거치는 완전 변태를 한다.",과학,train,생물
된장과 간장은 콩을 쑤어 띄운 메주를 소금물에 담가 만든다.,문화,train,음식 문화
한국의 예금 보호 한도는 2025년 9월부터 금융 회사별 1인당 5천만 원에서 1억 원으로 높아졌다.,경제,train,금융
풀백은 측면 수비를 맡고 공격 때는 측면으로 올라가 크로스를 올리기도 한다.,스포츠,train,축구
도덕적 해이는 보험에 든 뒤 사고를 막으려는 노력을 덜 하게 되는 현상을 가리킨다.,경제,train,보험
전동기는 자기장 속 도선에 흐르는 전류가 받는 힘을 이용해 회전 운동을 만든다.,과학,validation,전기
강강술래는 한가위 밤에 여성들이 손을 잡고 둥글게 돌며 노래하는 놀이이자 춤이다.,문화,validation,무용
모차르트의 오페라 「마술피리」는 1791년 빈에서 초연되었다.,문화,train,음악
흥선 대원군은 1863년 아들 고종이 왕위에 오르자 실권을 잡았다.,역사,test,근대 한국
외르스테드는 1820년 전류가 흐르는 도선 가까이에서 나침반 바늘이 움직이는 것을 발견했다.,과학,validation,전기
석유 수출국 기구는 1960년 이라크 바그다드에서 산유국들이 모여 결성했다.,경제,test,국제기구
한국의 탈춤은 2022년 유네스코 인류무형문화유산에 올랐다.,문화,train,연극
수소는 가장 가벼운 원소이며 우주에 가장 많이 존재하는 원소이다.,과학,train,원소
알렉산드로스 대왕은 동방 원정을 마치고 돌아온 뒤 기원전 323년 바빌론에서 세상을 떠났다.,역사,train,알렉산드로스
불고기는 얇게 썬 소고기를 간장 양념에 재워 구운 음식이다.,문화,train,음식 문화
208년 조조의 군대는 적벽에서 손권과 유비의 연합군에게 패했다.,역사,train,중국 삼국
온돌은 아궁이 불의 열기가 구들장 밑을 지나며 방바닥을 데우는 난방 방식이다.,문화,train,전통 생활
사해는 해수면보다 400미터 넘게 낮은 곳에 있는 소금 호수이다.,지리,train,호수
"판소리와 산조의 장단은 진양조, 중모리, 중중모리, 자진모리, 휘모리 순으로 빨라진다.",문화,train,국악
철이 산소와 물에 닿아 천천히 산화하면 붉은 녹이 슨다.,과학,validation,화학
이반 4세는 1547년 러시아 군주로서 처음으로 차르라는 칭호를 공식으로 썼다.,역사,test,러시아
"30년 전쟁은, 1648년 베스트팔렌 조약이 맺어지며 끝났다.",역사,train,근세 유럽
무지개는 햇빛이 빗방울 안에서 굴절하고 반사되며 색깔별로 갈라져 생긴다.,과학,validation,광학
"지폐에는 위조를 막으려고 숨은 그림, 홀로그램, 볼록 인쇄 같은 장치가 들어간다.",경제,train,화폐
박지원의 『열하일기』는 청나라를 다녀온 여정을 기록한 기행문이다.,문화,train,문학
콩과 식물의 뿌리혹박테리아는 공기 중 질소를 식물이 쓸 수 있는 형태로 바꾼다.,과학,train,생태
"빛의 삼원색은 빨강, 초록, 파랑이며 세 빛을 모두 합하면 흰빛이 된다.",과학,train,광학
1910년 8월 한일 병합 조약이 공포되며 대한 제국은 국권을 잃었다.,역사,test,대한 제국
배영은 경영 종목 가운데 유일하게 물속에서 출발한다.,경제,test,수영
태백산맥은 한반도 동쪽을 따라 남북 방향으로 길게 뻗어 있다.,지리,train,한반도 지형
1953년 왓슨과 크릭은 DNA가 두 가닥이 꼬인 이중 나선 구조라는 모형을 발표했다.,과학,train,유전
지표 근처에서 자유 낙하하는 물체의 중력 가속도는 약 9.8 m/s²이다.,과학,train,물리
규소는 반도체 소자의 기판 재료로 가장 널리 쓰이는 원소이다.,과학,train,원소
1970년 월드컵 준결승 이탈리아와 서독의 경기는 연장전에만 다섯 골이 나와 4-3으로 끝났다.,스포츠,train,축구
마젤란이 이끌고 떠난 선단은 1522년 처음으로 세계 일주를 마쳤다.,역사,train,대항해 시대
1929년 뉴욕 증시의 주가 대폭락을 계기로 세계 경제는 대공황에 빠져들었다.,경제,validation,경제사
인조는 1637년 삼전도에서 청 태종에게 항복했다.,역사,train,조선 중기
월드컵 본선 참가국은 1982년 스페인 대회부터 16개국에서 24개국으로 늘었다.,스포츠,train,축구
화각은 쇠뿔을 얇게 펴서 그림을 그린 뒤 나무 기물에 붙이는 공예다.,문화,train,공예
대한축구협회가 여는 FA컵은 1996년에 시작되었고 2024년 코리아컵으로 이름을 바꾸었다.,스포츠,validation,축구
"국제축구평의회는 2012년 골라인 판독 기술을 허용했고, 월드컵에서는 2014년에 처음 쓰였다.",스포츠,train,축구
꼭두각시놀음은 남사당놀이의 덜미에 해당하는 전통 인형극이다.,문화,train,연극
북한은 1966년 월드컵 조별 리그에서 이탈리아를 1-0으로 꺾고 8강에 올랐다.,스포츠,train,축구
주기율표의 18족 원소는 다른 원소와 거의 반응하지 않아 비활성 기체라 불린다.,과학,train,원소
"주 40시간제는 2004년 7월 1,000명 이상 사업장부터 단계적으로 도입되었다.",사회,validation,노동
한국 최초의 인공위성인 우리별 1호는 1992년 8월 프랑스령 기아나에서 발사되었다.,과학,train,우주탐사
페르시아의 다리우스 1세는 제국 곳곳을 잇는 왕의 길을 닦았다.,역사,train,고대 오리엔트
관성은 물체가 바깥에서 힘을 받지 않는 한 지금의 운동 상태를 유지하려는 성질이다.,과학,train,물리
로버트 훅은 1665년 현미경으로 코르크 조각을 관찰하고 작은 방들을 세포라고 불렀다.,과학,validation,생물
"삼계탕은 어린 닭에 인삼, 찹쌀, 대추를 넣고 푹 끓인 보양 음식이다.",문화,train,음식 문화
패럴림픽은 1960년 이탈리아 로마에서 처음 열렸다.,스포츠,validation,올림픽
슈베르트의 연가곡 「겨울 나그네」는 24곡의 노래로 이루어져 있다.,문화,train,음악
대한민국은 2002년 월드컵에서 아시아 나라로는 처음 4강에 올라 4위를 했다.,스포츠,validation,축구
부산국제영화제는 1996년에 처음 열린 국제 영화 축제다.,문화,train,축제
포르투갈의 바르톨로메우 디아스는 1488년 아프리카 남단의 희망봉에 이르렀다.,역사,train,대항해 시대
1995년에 출범한 세계 무역 기구는 스위스 제네바에 본부를 두고 무역 분쟁을 조정한다.,경제,train,국제기구
달은 자전 주기와 공전 주기가 같아서 지구에서는 늘 같은 면만 보인다.,과학,train,천문
한 팀의 선수가 7명보다 적으면 축구 경기를 시작하거나 이어 갈 수 없다.,스포츠,validation,축구
미국의 페리 제독은 1853년 함대를 이끌고 일본에 와 개항을 요구했다.,역사,train,일본
세균은 핵막이 없는 원핵생물이고 동물과 식물은 핵막이 있는 진핵생물이다.,과학,validation,생물
브라질은 1970년 멕시코 월드컵에서 세 번째로 우승해 쥘 리메 컵을 영구히 갖게 되었다.,스포츠,train,축구
정선의 「인왕제색도」는 비 갠 뒤의 인왕산을 그린 1751년 작품이다.,문화,train,미술
사용자가 근로자를 해고하려면 적어도 30일 전에 예고해야 한다.,사회,train,노동
질량 보존 법칙은 화학 반응 전후에 물질의 전체 질량이 변하지 않는다는 법칙이다.,과학,train,화학
5월 21일 부부의 날은 2007년 법정기념일이 되었다.,사회,train,가족
콜럼버스는 1492년 스페인의 후원을 받아 대서양을 건너 아메리카에 닿았다.,역사,test,대항해 시대
화성 표면이 붉게 보이는 것은 흙에 산화철이 많이 섞여 있기 때문이다.,과학,train,천문
안전속도 5030은 2021년 4월 17일 전국에서 시행되었다.,사회,train,도시 생활
금본위제는 화폐의 가치를 일정한 양의 금에 묶어 두는 통화 제도이다.,경제,train,화폐
국민연금은 1988년 1월 10인 이상 사업장을 대상으로 시작되었다.,사회,train,사회보험
오스만 제국의 메흐메트 2세는 1453년 콘스탄티노폴리스를 함락해 비잔티움 제국을 무너뜨렸다.,역사,train,비잔티움
외래종이 천적이 없는 새 환경에서 크게 번성하면 토착 생물이 위협받을 수 있다.,과학,train,생태
대한민국 축구 대표팀의 첫 공식 국제 경기는 1948년 런던 올림픽에서 멕시코를 5-3으로 이긴 경기다.,스포츠,train,축구
라퍼 곡선은 세율이 지나치게 높으면 오히려 세금 수입이 줄 수 있다는 관계를 나타낸다.,경제,train,재정
사회보장 제도의 기본 방향을 정한 사회보장기본법은 1995년에 제정되었다.,사회,test,복지
6차 산업은 농업에 가공과 관광 같은 서비스를 결합해 부가 가치를 높이는 산업이다.,경제,train,산업
1880년대에 쓰인 2-3-5 대형은 피라미드 포메이션으로 불렸다.,스포츠,train,축구
산호는 몸속에 함께 사는 조류가 빠져나가면 하얗게 변하는 백화 현상을 겪는다.,과학,test,생태
질량과 에너지의 등가성을 나타낸 식 E=mc²는 작은 질량도 막대한 에너지에 해당함을 뜻한다.,과학,train,물리
독일 제국은 1871년 베르사유 궁전 거울의 방에서 선포되었다.,역사,train,19세기 유럽
레오나르도 다빈치의 「모나리자」는 파리 루브르 박물관에 걸려 있다.,문화,train,미술
"5월은 어린이날, 어버이날, 부부의 날이 모여 있어 가정의 달로 불린다.",사회,validation,가족
1992년 유럽 축구 선수권 대회에서 덴마크는 유고슬라비아 대신 출전해 우승했다.,스포츠,train,축구
규모의 경제는 생산량이 늘어날수록 제품 한 단위당 평균 비용이 줄어드는 현상이다.,경제,test,경제개념
"설악산의 가장 높은 봉우리인 대청봉은 높이가 1,708미터이다.",지리,train,한국의 산
"프로 스포츠 구단은 중계권료와 입장권 판매, 후원 계약으로 운영 수입을 얻는다.",스포츠,validation,애매
"민화는 까치와 호랑이, 책가도처럼 생활 공간을 꾸미려고 그린 그림이다.",문화,train,미술
모스 굳기계에서 가장 단단한 광물은 굳기 10인 다이아몬드이다.,과학,validation,지구과학
홍범도가 이끈 독립군은 1920년 6월 봉오동에서 일본군을 물리쳤다.,역사,train,일제 강점기
1971년 처음 나온 마이크로프로세서는 컴퓨터의 중앙 처리 장치를 칩 하나에 담았다.,과학,test,발명
응급실은 환자의 증상이 얼마나 위급한지 분류해 진료 순서를 정한다.,사회,train,보건 의료
"한국거래소는 2005년 증권거래소, 선물거래소, 코스닥 시장 등이 하나로 합쳐져 출범했다.",경제,train,증권
태평무는 나라의 태평성대를 기원하는 뜻을 담은 한국 전통 춤이다.,문화,train,무용
베토벤 교향곡 9번의 마지막 악장에는 실러의 시 「환희의 송가」가 합창으로 붙어 있다.,문화,test,음악
수은은 표준 상태에서 액체로 존재하는 유일한 금속 원소이다.,과학,test,원소
시몬 볼리바르는 남아메리카 북부 여러 나라의 독립 전쟁을 이끌었다.,역사,test,라틴 아메리카
창덕궁과 수원 화성은 1997년 세계유산으로 등재되었다.,문화,train,문화유산
프랑스는 1792년 9월 왕정을 폐지하고 제1공화국을 선포했다.,역사,train,프랑스 혁명
대한민국은 1986년 멕시코 대회부터 2026년 대회까지 월드컵 본선에 11회 연속 나갔다.,스포츠,train,축구
대한민국은 1991년 국제노동기구에 가입했다.,사회,train,노동
K리그는 1983년 5월 수퍼리그라는 이름으로 다섯 팀이 참가해 출범했다.,스포츠,train,축구
승무는 흰 장삼에 고깔을 쓰고 추다가 북을 두드리는 한국 전통 춤이다.,문화,train,무용
"축구 골대의 크기는 너비 7.32미터, 높이 2.44미터다.",스포츠,validation,축구
신라의 마지막 왕 경순왕은 935년 나라를 고려에 넘겼다.,역사,train,후삼국
아르키메데스의 원리에 따르면 유체 속 물체는 밀어낸 유체의 무게만큼 부력을 받는다.,과학,train,물리
남해안에는 섬이 많고 해안선이 복잡하게 드나드는 리아스 해안이 발달했다.,지리,train,한국의 해안
지급 준비율은 은행이 받은 예금 가운데 중앙은행에 맡겨 두어야 하는 비율이다.,경제,train,중앙은행
이순신은 1597년 명량에서 13척의 배로 훨씬 많은 일본 함대를 물리쳤다.,역사,test,임진왜란
고래는 물속에서 살지만 새끼를 낳아 젖을 먹여 기르는 포유류이다.,과학,train,생물
성종은 최승로가 올린 시무 28조를 받아들여 유교 중심의 통치를 폈다.,역사,train,고려 전기
발레는 프랑스 궁정에서 발전했고 1661년 루이 14세가 왕립 무용 아카데미를 세웠다.,문화,train,무용
일본 삿포로 눈 축제는 1950년 눈 조각 전시로 시작되었다.,문화,train,축제
한국의 장 담그기 문화는 2024년 유네스코 인류무형문화유산에 올랐다.,문화,train,음식 문화
1871-72 시즌에 시작된 잉글랜드 FA컵은 지금까지 이어지는 가장 오래된 축구 대회다.,스포츠,test,축구
조선업은 선박을 설계하고 건조하는 산업으로 큰 설비와 많은 인력이 필요하다.,경제,train,산업
1857년 인도에서 세포이 항쟁이 일어났고 이듬해 무굴 제국이 멸망했다.,역사,train,인도
장보고는 828년 완도에 청해진을 설치하고 해적을 소탕했다.,역사,validation,통일 신라
한국의 부가 가치세는 1977년에 도입되었으며 기본 세율은 10%이다.,경제,train,재정
고조선은 기원전 108년 한나라 무제의 공격으로 왕검성이 함락되며 멸망했다.,역사,train,고조선
광해군은 명과 후금 사이에서 어느 한쪽에 치우치지 않는 외교를 펼쳤다.,역사,train,조선 중기
강릉단오제는 2005년 유네스코 인류 구전 및 무형유산 걸작으로 선정되었다.,문화,validation,축제
"협의이혼을 하려면 미성년 자녀가 있으면 3개월, 없으면 1개월의 숙려기간을 거쳐야 한다.",사회,train,가족
"근로시간이 4시간이면 30분, 8시간이면 1시간 이상의 휴게시간을 주어야 한다.",사회,train,노동
광종은 956년 노비안검법을 시행해 억울하게 노비가 된 사람을 풀어 주었다.,역사,train,고려 전기
박경리의 대하소설 『토지』는 1969년부터 1994년까지 집필되었다.,문화,validation,문학
산업 공동화는 공장이 해외로 옮겨 가면서 국내 제조업 기반이 약해지는 현상이다.,경제,test,산업
한국은 2001년 국제 통화 기금에서 빌린 구제 금융을 모두 갚았다.,경제,test,경제사
"바부르는, 1526년 파니파트 전투에서 이기고 무굴 제국을 세웠다.",지리,train,인도
대한법률구조공단은 1987년 9월 1일 설립되어 법률 상담과 소송 지원을 맡는다.,사회,test,법
마라톤의 42.195킬로미터는 1908년 런던 올림픽 마라톤 코스의 길이에서 비롯되었다.,스포츠,train,육상
러시아의 알렉산드르 2세는 1861년 농노 해방령을 내렸다.,역사,train,러시아
1996년 영국에서 태어난 양 돌리는 다 자란 동물의 체세포를 복제해 만든 첫 포유류이다.,과학,train,유전
시조의 종장 첫 음보는 세 음절로 맞추는 것이 원칙이다.,문화,train,문학
"탈춤은 탈을 쓴 연희자들이 춤과 노래, 재담으로 세태를 풍자하는 전통 연희다.",문화,train,연극
한국은 1996년 경제 협력 개발 기구(OECD)에 회원국으로 가입했다.,경제,validation,경제사
허블은 1929년 멀리 있는 은하일수록 더 빠르게 멀어진다는 관측 결과를 발표했다.,과학,train,천문
9월 7일 사회복지의 날은 국민기초생활보장법 공포일을 기념해 정해졌다.,사회,train,복지
뢴트겐은 1895년 X선을 발견했고 이 빛은 곧 몸속 뼈를 촬영하는 데 쓰였다.,과학,train,의학
2021년 말에 발사된 제임스 웹 우주 망원경은 주로 적외선으로 먼 우주를 관측한다.,과학,train,우주탐사
다윈은 1859년 『종의 기원』을 펴내 자연 선택에 의한 진화를 주장하였다.,과학,train,생물
문화재청은 2024년 5월 국가유산청으로 이름을 바꾸었다.,문화,train,문화유산
육아휴직은 1987년 무급으로 처음 도입되었고 2001년부터 육아휴직급여가 지급되었다.,사회,train,노동
1958년 스웨덴 월드컵 결승에서 브라질은 개최국 스웨덴을 5-2로 이기고 처음 우승했다.,스포츠,train,축구
"대한민국의 4대 사회보험은 국민연금, 건강보험, 고용보험, 산업재해보상보험이다.",사회,train,사회보험
정조는 1796년 수원에 새로운 성곽인 화성을 완공했다.,역사,test,조선 후기
잉글랜드 은행은 1694년에 세워진 영국의 중앙은행이다.,경제,validation,중앙은행
가사는 네 음보가 길게 이어지는 형식의 시가로 조선 시대에 널리 지어졌다.,문화,train,문학
돌잡이는 아기의 첫 생일에 여러 물건을 늘어놓고 하나를 집게 하는 풍습이다.,문화,train,전통 생활
고종은 1907년 헤이그 만국 평화 회의에 이준 등 특사를 보냈다.,역사,train,대한 제국
매몰 비용은 이미 지출해서 어떤 선택을 하더라도 되찾을 수 없는 비용이다.,경제,train,경제개념
"정간보는 세종 때 만든 악보로, 우물 정 자 모양의 칸으로 음의 길이를 나타낸다.",문화,train,국악
라부아지에는 연소가 물질과 산소의 결합임을 밝혀 플로지스톤설을 무너뜨렸다.,과학,train,화학
1944년 브레턴우즈 회의에서 미국 달러를 중심으로 한 고정 환율 체제가 마련되었다.,경제,train,경제사
한국 프로농구는 1997년 2월에 첫 시즌을 시작했다.,역사,test,농구
제임스 와트는 18세기 후반 증기 기관에 따로 떨어진 응축기를 달아 효율을 크게 높였다.,과학,train,발명
"근로기준법은 1953년 5월에 제정된, 근로 조건의 최저 기준을 정한 법이다.",사회,train,노동
원소의 원자 번호는 그 원자핵에 들어 있는 양성자의 수와 같다.,경제,train,원소
종묘는 조선 왕과 왕비의 신주를 모신 사당으로 1995년 세계유산에 등재되었다.,문화,validation,문화유산
장애인차별금지법은 2007년에 제정되어 2008년 4월부터 시행되었다.,사회,train,복지
대륙 회의는 1776년 7월 4일 독립 선언서를 채택했다.,역사,train,미국사
근초고왕은 마한의 남은 세력을 정복해 백제의 영토를 남해안까지 넓혔다.,역사,train,백제
"지구의 내부는 겉에서부터 지각, 맨틀, 외핵, 내핵의 층으로 나뉜다.",과학,train,지구과학
"올리브유와 곡물, 채소를 즐겨 먹는 지중해 식단은 유네스코 인류무형문화유산이다.",문화,validation,음식 문화
"사람의 ABO식 혈액형은 A, B, O 세 가지 대립 유전자의 조합으로 정해진다.",과학,train,유전
국민연금은 1999년 도시 지역 주민에게까지 확대되었다.,사회,train,사회보험
삼별초는 1270년 개경 환도에 반대하며 배중손의 지휘 아래 항쟁을 시작했다.,역사,train,고려 후기
역습은 상대 공격을 막은 직후 수비 뒤 빈 공간으로 빠르게 공격해 들어가는 방법이다.,스포츠,train,축구
나전칠기는 전복이나 조개껍데기를 얇게 갈아 옻칠한 기물에 붙여 꾸민 공예품이다.,문화,train,공예
정조는 1776년 즉위한 뒤 궁궐 안에 규장각을 설치했다.,역사,train,조선 후기
발전기는 전자기 유도를 이용해 회전 운동을 전기 에너지로 바꾸는 장치이다.,과학,train,전기
간은 사람 몸속에서 가장 큰 내장 기관으로 해독과 쓸개즙 생산을 맡는다.,과학,train,인체
1895년 을미사변으로 명성 황후가 일본 세력에게 시해되었다.,역사,train,근대 한국
직접세는 소득세처럼 세금을 내는 사람과 실제로 부담하는 사람이 같은 세금이다.,경제,train,재정
"백남준의 「다다익선」은 텔레비전 1,003대를 탑처럼 쌓은 1988년 비디오 아트 작품이다.",문화,train,미술
노인장기요양보험은 2008년 7월부터 시행되었다.,사회,train,사회보험
당나라군은 751년 탈라스 전투에서 아바스 왕조의 군대에 패했다.,역사,validation,수·당·송
레버리지는 빌린 돈을 활용해 투자 규모를 키워 자기 자본의 수익률을 높이려는 방법이다.,역사,train,금융
한국은행은 1950년 6월에 설립된 한국의 중앙은행이다.,경제,train,중앙은행
"국제 축구 경기의 경기장은 길이 100~110미터, 너비 64~75미터 범위에서 정한다.",스포츠,train,축구
온조는 기원전 18년 위례성에 도읍을 정하고 백제를 세웠다고 전한다.,역사,train,백제
훌라구가 이끈 몽골군은 1258년 바그다드를 함락해 아바스 왕조를 무너뜨렸다.,역사,train,몽골 제국
대보초는 오스트레일리아 북동쪽 바다에 길게 펼쳐진 세계 최대의 산호초 지대이다.,지리,train,섬
담보 대출은 빚을 갚지 못할 때를 대비해 부동산 같은 자산을 담보로 잡고 내주는 대출이다.,경제,train,금융
율리우스 카이사르는 기원전 49년 군대를 이끌고 루비콘강을 건넜다.,역사,train,고대 로마
아콩카과산은 아르헨티나에 있는 남아메리카에서 가장 높은 산이다.,지리,train,세계의 산
윤동주의 유고 시집 『하늘과 바람과 별과 시』는 1948년에 간행되었다.,문화,test,문학
프랑스인의 미식 문화는 2010년 유네스코 인류무형문화유산이 되었다.,문화,train,음식 문화
고려군과 후백제군이 맞선 927년 공산 전투에서 신숭겸이 전사했다.,역사,train,후삼국
페르시아의 키루스 2세는 기원전 539년 바빌론을 점령했다.,역사,train,고대 오리엔트
1919년 3월 1일 서울 탑골 공원을 비롯한 곳곳에서 독립 만세 운동이 일어났다.,역사,train,일제 강점기
2002년 월드컵 개막전은 서울월드컵경기장에서 열려 세네갈이 프랑스를 1-0으로 이겼다.,스포츠,train,축구
"동지는, 밤이 가장 긴 날로, 붉은 팥죽을 쑤어 먹는 풍습이 있다.",스포츠,train,세시풍속
인구주택총조사의 표본조사는 5년마다 전체 가구의 20%를 대상으로 한다.,사회,train,인구
국민기초생활보장법은 1999년 9월에 제정되어 2000년 10월부터 시행되었다.,사회,test,복지
진성여왕 때인 889년 사벌주에서 원종과 애노가 난을 일으켰다.,역사,train,통일 신라
"프리즘을 통과한 햇빛은, 파장마다 굴절 정도가 달라 여러 색의 띠로 나뉜다.",과학,train,광학
대한민국 국민에게 부여되는 주민등록번호는 13자리 숫자로 이루어진다.,사회,train,인구
노인장기요양보험은 2008년 7월부터 시행됐다.,사회,train,사회보험
1992년 도입된 백패스 규칙으로 골키퍼는 동료가 발로 일부러 보낸 공을 손으로 잡을 수 없다.,스포츠,test,축구
판소리에서 노래하지 않고 말로 줄거리를 이어 가는 부분을 아니리라고 한다.,문화,train,국악
남극 대륙은 거의 전부가 두꺼운 빙상으로 덮여 있다.,지리,train,대륙
"1934년 대회는 직전 우승국 우루과이가 불참해, 전 대회 우승국이 빠진 유일한 월드컵이 되었다.",스포츠,train,축구
"설날은 음력 1월 1일로, 차례를 지내고 어른께 세배를 드린다.",문화,train,세시풍속
보스포루스 해협은 흑해와 마르마라해를 잇는 좁은 물길이다.,지리,train,바다
콘스탄티누스 1세는 330년 수도를 비잔티움으로 옮기고 콘스탄티노폴리스라 불렀다.,역사,train,로마 제국
무성 영화 시절 한국 극장에서는 변사가 화면 옆에서 줄거리와 대사를 해설했다.,문화,train,영화
미국의 중앙은행 제도인 연방준비제도는 1913년에 만들어졌다.,경제,validation,중앙은행
서울 지하철 1호선이 처음 개통했을 때 역은 모두 10곳이었다.,사회,train,도시 생활
미토콘드리아는 세포 호흡으로 생명 활동에 쓸 에너지를 만들어 내는 세포 소기관이다.,과학,train,생물
국민권익위원회는 2008년 2월 국민고충처리위원회와 국가청렴위원회 등을 통합해 출범했다.,사회,train,공공기관
FIFA 여자 월드컵은 1991년 중국에서 처음 열렸다.,스포츠,train,축구
발해 무왕은 732년 장문휴를 보내 당나라의 등주를 공격했다.,역사,train,발해
세계보건기구는 1980년 천연두가 지구에서 사라졌다고 공식 선언했다.,과학,train,의학
1954년 스위스 베른 결승에서 서독이 헝가리를 3-2로 꺾고 첫 월드컵 우승을 차지했다.,스포츠,train,축구
오페라는 16세기 말 이탈리아 피렌체에서 음악과 극을 결합하려는 시도로 생겨났다.,스포츠,train,음악
다이아몬드와 흑연은 모두 탄소로만 이루어져 있지만 원자 배열이 달라 성질이 크게 다르다.,과학,train,화학
노인의 건강 유지와 생활 안정을 위한 노인복지법은 1981년에 제정되었다.,사회,train,복지
왕건은 918년 궁예를 몰아내고 왕위에 올라 고려를 세웠다.,역사,train,고려 전기
판소리는 소리꾼 한 사람이 고수의 북 장단에 맞춰 긴 이야기를 노래로 풀어내는 예술이다.,문화,train,국악
옹기는 흙으로 빚어 잿물을 입혀 구운 그릇으로 장과 김치를 담는 데 썼다.,문화,train,공예
서희는 993년 거란 장수 소손녕과 담판을 벌여 강동 6주를 얻었다.,역사,train,고려 전기
유리 가가린은 1961년 보스토크 1호를 타고 인류 최초로 지구 궤도를 한 바퀴 돌았다.,과학,train,우주탐사
원리금 균등 상환은 대출 기간 내내 매달 같은 금액으로 원금과 이자를 함께 갚는 방식이다.,경제,train,금융
확장 재정은 경기가 나쁠 때 정부가 지출을 늘리거나 세금을 줄여 수요를 키우는 정책이다.,경제,train,재정
자기 공명 영상 장치는 강한 자기장과 전파를 이용해 몸속 단면을 영상으로 얻는다.,과학,train,의학
지중해는 지브롤터 해협을 통해 대서양과 이어진다.,지리,train,바다
동프랑크의 오토 1세는 962년 교황에게 황제의 관을 받아 신성 로마 제국을 열었다.,역사,train,중세 유럽
오프사이드 트랩은 수비수들이 한꺼번에 앞으로 나가 상대 공격수를 오프사이드에 걸리게 하는 전술이다.,스포츠,train,축구
영국은 1783년 파리 조약에서 미국의 독립을 인정했다.,역사,train,미국사
월드컵 경기에서 선수 교체는 1970년 대회부터 허용되었다.,스포츠,train,축구
수요 법칙에 따르면 다른 조건이 같을 때 가격이 오르면 수요량은 줄어든다.,경제,train,경제개념
"우마이야 왕조는, 661년 다마스쿠스를 수도로 삼아 세워졌다.",과학,train,이슬람 제국
삼국사기는 박혁거세가 기원전 57년 신라를 세웠다고 기록했다.,역사,train,신라
남미 클럽 대항전 코파 리베르타도레스는 1960년에 시작되었고 이름은 남미 독립 영웅들에서 따왔다.,스포츠,train,축구
같은 종류의 전하끼리는 서로 밀어내고 다른 종류의 전하끼리는 끌어당긴다.,과학,test,전기
"일본 열도는 홋카이도, 혼슈, 시코쿠, 규슈의 큰 섬 네 개가 중심을 이룬다.",지리,train,섬
대왕고래는 지금까지 알려진 동물 가운데 몸집이 가장 큰 동물이다.,과학,train,생물
헬륨은 공기보다 가볍고 불에 타지 않아 풍선이나 비행선을 띄우는 데 쓰인다.,과학,train,원소
김시습의 『금오신화』는 한국 최초의 한문 소설로 평가된다.,문화,train,문학
한국의 서원은 아홉 곳의 서원을 묶어 2019년 세계유산이 되었다.,문화,train,문화유산
볼가강은 유럽에서 가장 긴 강으로 카스피해로 흘러든다.,지리,train,세계의 강
적외선은 붉은빛보다 파장이 긴 빛으로 열을 전하며 리모컨 신호에도 쓰인다.,과학,test,광학
이슬점은 공기가 식어서 수증기가 물방울로 맺히기 시작하는 온도이다.,경제,test,기상
한 경기에서 옐로카드를 두 장 받은 선수는 레드카드를 받고 퇴장당한다.,스포츠,train,축구
부채춤은 여러 무용수가 부채를 펼쳐 꽃 모양 등을 만드는 1950년대 신무용이다.,문화,train,무용
유럽 축구 선수권 대회는 1960년 프랑스에서 처음 열렸고 소련이 우승했다.,스포츠,train,축구
산과 염기가 반응해 물과 염이 만들어지는 반응을 중화 반응이라고 한다.,과학,validation,화학
환율은 한 나라의 돈과 다른 나라의 돈을 서로 바꿀 때 적용하는 비율이다.,경제,test,무역
일본은 1868년 메이지 유신으로 막부를 없애고 천황 중심 체제를 세웠다.,역사,train,일본
고구려는 668년 나당 연합군에게 평양성을 빼앗기며 멸망했다.,역사,train,고구려
"사람의 체세포에는 23쌍, 모두 46개의 염색체가 들어 있다.",과학,train,유전
국민연금 노령연금을 받으려면 가입 기간이 10년 이상이어야 한다.,사회,test,사회보험
경기적 실업은 경기가 나빠져 기업의 노동 수요가 줄어들 때 생기는 실업이다.,경제,train,노동
찬드라굽타는 기원전 4세기 말 북인도를 통일하고 마우리아 왕조를 세웠다.,역사,train,인도
계백은 660년 황산벌에서 결사대 5천 명을 이끌고 신라군에 맞섰다.,역사,validation,백제
차이콥스키의 발레 「백조의 호수」는 1877년 모스크바 볼쇼이 극장에서 초연되었다.,문화,train,무용
보완재는 함께 쓸 때 만족이 커지는 재화로 한쪽 값이 오르면 다른 쪽 수요도 줄어든다.,경제,train,경제개념
테무친은 1206년 몽골 부족 회의에서 칭기즈 칸으로 추대되었다.,역사,train,몽골 제국
청나라 강희제는 1689년 러시아와 네르친스크 조약을 맺어 국경을 정했다.,역사,train,명·청
"셰익스피어의 4대 비극은 「햄릿」, 「오셀로」, 「리어 왕」, 「맥베스」다.",문화,test,문학
"경상 수지는 상품과 서비스 거래, 소득 수지 등을 합해 나라 밖과의 거래 결과를 보여 준다.",경제,test,무역
분청사기는 회색 흙으로 빚은 그릇에 흰 흙을 발라 꾸민 도자기다.,문화,test,공예
에너지 보존 법칙에 따르면 에너지는 형태만 바뀔 뿐 전체 양은 변하지 않는다.,과학,train,물리
한국의 강수량은 장마와 태풍이 찾아오는 여름철에 많이 몰린다.,지리,test,한국의 기후
아바스 왕조는 750년 우마이야 왕조를 무너뜨리고 들어섰다.,역사,test,이슬람 제국
일본은 1941년 12월 하와이 진주만의 미국 해군 기지를 기습했다.,역사,train,제2차 세계 대전
소금의 주성분인 염화 나트륨은 나트륨 이온과 염화 이온이 이온 결합한 물질이다.,과학,train,화학
국제 통화 기금은 외환 위기를 겪는 회원국에 자금을 빌려주는 국제기구로 본부는 워싱턴 D.C.에 있다.,경제,train,국제기구
위성 항법 장치는 여러 위성 신호가 도착하는 시간 차이로 수신기의 위치를 계산한다.,과학,test,발명
토털 풋볼은 선수들이 자리를 바꿔 가며 모두 공격과 수비에 참여하는 네덜란드의 축구 전술이다.,스포츠,train,축구
조선은 1394년 도읍을 개경에서 한양으로 옮겼다.,역사,train,조선 전기
"사회복지사 1급 자격은, 국가시험에 합격해야 받을 수 있다.",지리,train,복지
소장 안쪽 벽의 수많은 융털은 양분을 흡수하는 표면적을 크게 넓힌다.,과학,train,인체
공민왕은 1356년 쌍성총관부를 공격해 철령 이북의 땅을 되찾았다.,역사,test,고려 후기
대학수학능력시험은 1993년에 처음 치러졌고 첫해에는 8월과 11월 두 차례 시행되었다.,사회,test,교육
불고기는 얇게 썬 소고기를 간장 양념에 재워 구운 음식이다.,문화,train,음식 문화
"1995년에 출범한 세계 무역 기구는, 스위스 제네바에 본부를 두고 무역 분쟁을 조정한다.",스포츠,train,국제기구
지역아동센터는 방과 후 돌봄이 필요한 아동에게 보호와 교육을 제공하는 시설이다.,사회,train,복지
대한민국 야구 대표팀은 2008년 베이징 올림픽에서 금메달을 땄다.,스포츠,train,야구
"산업재해보상보험은, 1964년에 시행된 대한민국 최초의 사회보험이다.",스포츠,train,사회보험
최무선은 1380년 진포에서 화포를 써서 왜구의 배 수백 척을 불태웠다.,역사,train,고려 후기
베른의 기적 전까지 헝가리는 32경기 연속 무패를 이어 가던 우승 후보였다.,스포츠,train,축구
병자호란은 1636년 청나라 군대가 조선을 침략하면서 시작되었다.,역사,train,조선 중기
"남사당놀이는 풍물, 버나, 살판, 어름, 덧뵈기, 덜미의 여섯 놀이로 이루어진 떠돌이 연희다.",문화,train,연극
중앙 수비수는 골문 앞 가운데를 지키며 상대 공격수의 슈팅과 헤딩을 막는다.,스포츠,validation,축구
대한민국은 2024년 12월 65세 이상 주민등록 인구가 20%를 넘어 초고령사회가 되었다.,스포츠,train,인구
"케인스는 1936년 『고용, 이자 및 화폐의 일반 이론』에서 유효 수요와 정부 지출의 역할을 강조했다.",경제,train,경제사
예금자 보호 제도는 금융 회사가 문을 닫아도 일정 한도까지 예금을 돌려받게 해 준다.,경제,test,금융
물은 섭씨 약 4도에서 밀도가 가장 크기 때문에 겨울 호수의 바닥 물은 잘 얼지 않는다.,과학,train,화학
90분 동안 승부가 나지 않은 토너먼트 경기는 전후반 15분씩의 연장전을 치르기도 한다.,스포츠,train,축구
"플라멩코는 스페인 안달루시아 지방의 노래, 기타 연주, 춤이 어우러진 예술이다.",문화,test,무용
장애인 등급제는 2019년 7월 폐지되고 장애 정도에 따른 구분으로 바뀌었다.,사회,train,복지
안중근은 1909년 하얼빈역에서 이토 히로부미를 저격했다.,역사,train,대한 제국
국민참여재판의 배심원은 관할 지역에 사는 만 20세 이상 국민 가운데 무작위로 뽑는다.,사회,train,법
나폴레옹은 1799년 브뤼메르 쿠데타를 일으켜 통령 정부를 세웠다.,역사,train,나폴레옹
학교폭력예방 및 대책에 관한 법률은 2004년 1월에 제정되었다.,사회,test,교육
프랑크 왕국은 843년 베르됭 조약으로 셋으로 나뉘었다.,역사,test,중세 유럽
광개토대왕은 400년 신라의 구원 요청을 받고 군대를 보내 왜군을 물리쳤다.,역사,train,고구려
금강은 한반도 중서부를 굽이쳐 흐르다 군산 부근에서 서해로 들어간다.,지리,validation,한국의 강
은행은 예금으로 모은 돈을 가계와 기업에 빌려주고 대출 이자와 예금 이자의 차이로 수익을 낸다.,경제,train,금융
광종은 958년 쌍기의 건의를 받아들여 처음으로 과거 제도를 실시했다.,역사,train,고려 전기
"현악 사중주는 바이올린 두 대와 비올라, 첼로로 이루어진다.",문화,test,음악
영조는 붕당 사이의 대립을 누그러뜨리려고 탕평책을 폈다.,역사,train,조선 후기
"미켈란젤로는, 1508년부터 1512년까지 시스티나 예배당 천장화를 그렸다.",문화,train,미술
이순신은 1592년 한산도 앞바다에서 학익진으로 일본 수군을 크게 무찔렀다.,역사,train,임진왜란
국민학교라는 학교 이름은 1996년에 초등학교로 바뀌었다.,사회,train,교육
개구리는 올챙이 때 아가미로 숨 쉬다가 자라면서 폐와 피부로 호흡한다.,과학,train,생물
추석에는 햅쌀로 빚은 송편을 쪄서 가족과 이웃이 나누어 먹는다.,문화,train,세시풍속
헌법재판소는 재판관 9명으로 구성되며 재판관의 임기는 6년이다.,사회,test,법
밴팅과 베스트는 1921년 인슐린을 분리해 당뇨병 치료에 쓸 길을 열었다.,과학,train,의학
체크 카드는 결제하는 순간 연결된 예금 계좌에서 바로 돈이 빠져나간다.,경제,train,금융
유로는 1999년 전자 거래용 통화로 먼저 도입되었고 2002년부터 지폐와 동전이 쓰였다.,경제,validation,화폐
백신은 약하게 하거나 죽인 병원체 성분으로 몸에 미리 면역을 만들어 준다.,과학,train,의학
"야구 타자는 스트라이크 세 개면 삼진 아웃되고, 볼 네 개를 얻으면 1루로 걸어 나간다.",스포츠,train,야구
합계출산율은 여성 한 명이 가임 기간 동안 낳을 것으로 예상되는 평균 자녀 수를 말한다.,사회,train,인구
텅스텐은 금속 가운데 녹는점이 가장 높아 백열전구의 필라멘트로 쓰였다.,과학,test,원소
"축구 경기용 공은 둘레 68~70센티미터, 경기 시작 때 무게 410~450그램이어야 한다.",스포츠,train,축구
"소나타 형식은 제시부, 발전부, 재현부의 세 부분으로 이루어진다.",문화,validation,음악
김소월의 시집 『진달래꽃』은 1925년에 출간되었다.,문화,train,문학
미국 메이저리그의 우승 결정전인 월드시리즈는 1903년에 처음 열렸다.,스포츠,train,야구
"사물놀이는 꽹과리, 징, 장구, 북 네 가지 타악기로 연주하며 1978년 처음 무대에 올랐다.",문화,train,국악
김시민은 1592년 진주성에서 일본군의 대규모 공격을 막아 냈다.,역사,validation,임진왜란
우마이야 왕조는 661년 다마스쿠스를 수도로 삼아 세워졌다.,역사,train,이슬람 제국
경성과 평양 대표팀이 겨룬 경평축구는 1929년 10월에 처음 열렸다.,스포츠,train,축구
다른 곳으로 이사하면 새 거주지에 14일 이내에 전입신고를 해야 한다.,사회,train,공공기관
노벨은 1867년 니트로글리세린을 규조토에 흡수시켜 다루기 쉽게 만든 다이너마이트의 특허를 받았다.,과학,train,발명
재즈는 20세기 초 미국 뉴올리언스에서 즉흥 연주를 중심으로 생겨난 음악이다.,문화,train,음악
프랑스는 1998년 자국 월드컵 결승에서 브라질을 3-0으로 꺾고 처음 우승했다.,스포츠,train,축구
뉴턴은 프리즘 실험으로 흰빛이 여러 색의 빛이 섞인 것임을 보였다.,과학,train,광학
촉매는 반응 뒤에도 자신은 변하지 않으면서 화학 반응의 속도를 바꾸는 물질이다.,과학,validation,화학
루이 16세는 1793년 1월 파리의 혁명 광장에서 처형되었다.,역사,validation,프랑스 혁명
비잔티움 황제 유스티니아누스 1세는 로마법을 모아 법전을 편찬하게 했다.,역사,train,비잔티움
"대금은 대나무로 만든 가로 피리로, 청이라는 얇은 막이 떨려 독특한 음색을 낸다.",문화,test,국악
"진공에서 빛의 속력은 정확히 초속 299,792,458 m로 정의되어 있다.",과학,train,물리
국제올림픽위원회는 1894년 피에르 드 쿠베르탱의 제안으로 세워졌다.,스포츠,train,올림픽
주식은 회사의 소유권을 잘게 나눈 증서이며 주주는 이익의 일부를 배당으로 받을 수 있다.,경제,train,증권
중대재해 처벌 등에 관한 법률은 2022년 1월 27일부터 시행되었다.,사회,train,노동
등록센서스는 주민등록부와 건축물대장 같은 행정자료를 연결해 인구 통계를 만든다.,사회,train,인구
조선은 1876년 일본과 강화도 조약을 맺고 항구를 열었다.,역사,train,근대 한국
고려청자의 상감 기법은 그릇 표면을 파낸 자리에 다른 색 흙을 메워 무늬를 낸다.,문화,train,공예
"프랑스 오픈은 클레이 코트, 윔블던은 잔디 코트에서 경기를 치른다.",스포츠,train,테니스
김정희의 「세한도」는 1844년 제주 유배 중에 그린 문인화다.,문화,train,미술
한국은 1997년 외환 위기를 맞아 국제 통화 기금에 구제 금융을 요청했다.,경제,train,경제사
유럽 열강은 1884년 베를린 회의를 열어 아프리카 분할 원칙을 정했다.,역사,train,19세기 유럽
태양계에서 가장 큰 행성인 목성은 지름이 지구의 약 11배에 이른다.,과학,validation,천문
양궁 혼성 단체전은 2020년 도쿄 올림픽에서 처음 정식 종목이 되었다.,스포츠,train,양궁
견훤은 900년 완산주에 도읍을 정하고 후백제를 세웠다.,역사,train,후삼국
여자 선수는 1900년 파리 올림픽에서 처음으로 올림픽 경기에 나섰다.,스포츠,train,올림픽
수요의 가격 탄력성은 가격이 변할 때 수요량이 얼마나 민감하게 변하는지를 나타낸다.,경제,train,경제개념
1925년 오프사이드 규정은 공격수 앞에 있어야 할 상대 선수 수를 세 명에서 두 명으로 줄였다.,스포츠,train,축구
마라톤 거리는 1921년에 42.195킬로미터로 공식 표준이 정해졌다.,스포츠,test,육상
김수로왕은 42년 지금의 김해 지역에 금관가야를 세웠다고 전한다.,역사,validation,가야
야구,스포츠,train,짧은 문장
바이칼호는 시베리아 남부에 있는 세계에서 가장 깊은 호수이다.,지리,train,호수
안데스산맥은 남아메리카 대륙 서쪽을 따라 남북으로 길게 이어진다.,지리,test,세계의 산
전자레인지는 마이크로파로 음식 속 물 분자를 흔들어 열을 낸다.,과학,train,발명
"프로 스포츠 구단은 중계권료와 입장권 판매, 후원 계약으로 운영 수입을 얻는다.",경제,train,애매
음식물 쓰레기를 매립지에 바로 묻는 일은 2005년부터 금지되었다.,사회,train,도시 생활
첫 월드컵은 1930년 우루과이에서 열렸고 결승에서 우루과이가 아르헨티나를 4-2로 이겼다.,스포츠,train,축구
대한민국 20세 이하 대표팀은 2019년 폴란드 U-20 월드컵 결승에서 우크라이나에 져 준우승했다.,스포츠,train,축구
한강,지리,train,짧은 문장
피카소의 「게르니카」는 1937년 에스파냐 내전 중 일어난 폭격을 주제로 그린 대작이다.,문화,train,미술
대한민국은 1954년 스위스 월드컵에 처음 출전해 첫 경기에서 헝가리에 0-9로 졌다.,스포츠,train,축구
농구에서 공격 팀은 공을 잡은 뒤 24초 안에 슛을 던져야 한다.,스포츠,train,농구
한국은 1962년 긴급 통화 조치로 화폐 단위를 환에서 원으로 바꾸고 10환을 1원으로 했다.,경제,train,화폐
아테네의 솔론은 기원전 594년 무렵 빚 때문에 노예가 되는 일을 금지하는 개혁을 했다.,역사,train,고대 그리스
백제 부흥군은 663년 백강 전투에서 왜의 지원군과 함께 크게 패했다.,역사,test,백제
"국제축구평의회는 1886년에 만들어진 기구로, 축구 경기 규칙을 고치는 일을 맡는다.",스포츠,train,축구
대체공휴일은 2014년 추석 연휴에 처음 적용되었다.,사회,train,공공기관
개마고원은 한반도 북부에 펼쳐진 넓은 고원으로 한반도의 지붕이라 불린다.,지리,train,한반도 지형
나일강은 아프리카 북동부를 북쪽으로 흘러 지중해에 이른다.,지리,validation,세계의 강
한국의 경제 활동 인구는 만 15세 이상 인구 가운데 취업자와 실업자를 합한 것이다.,경제,test,노동
1946년에 공개된 에니악은 진공관을 약 1만 8천 개나 쓴 초기 전자식 컴퓨터이다.,과학,train,발명
"스로인은 두 손으로 공을 머리 뒤에서 넘겨 던져야 하며, 스로인으로 바로 넣은 골은 인정되지 않는다.",경제,train,축구
구름은 공기 중 수증기가 식어서 작은 물방울이나 얼음 알갱이로 뭉친 것이다.,과학,train,기상
물물 교환은 화폐를 쓰지 않고 물건과 물건을 직접 맞바꾸는 거래 방식이다.,경제,train,화폐
"반상은 곁들이는 반찬 가짓수에 따라 3첩, 5첩, 7첩 반상 등으로 부른다.",문화,train,음식 문화
아리랑은 2012년 유네스코 인류무형문화유산으로 등재되었다.,문화,validation,국악
승려 김윤후는 1232년 처인성에서 몽골 장수 살리타를 사살했다.,역사,train,고려 후기
대한민국 여자 양궁 대표팀은 1988년부터 2024년까지 올림픽 단체전 10연패를 이뤘다.,스포츠,train,양궁
원자,과학,train,짧은 문장
축구는 1908년 런던 올림픽에서 국가대표팀이 겨루는 정식 종목이 되었다.,스포츠,train,축구
태권도원은 2014년 무주에 문을 연 태권도 수련과 경기 시설이다.,스포츠,train,태권도
"초등학교 1~2학년은 바른 생활, 슬기로운 생활, 즐거운 생활 같은 통합 교과를 배운다.",사회,train,교육
출산전후휴가는 2001년에 60일에서 90일로 늘어났다.,사회,train,노동
지리산은 영남과 호남에 걸쳐 있는 큰 산으로 최고봉은 천왕봉이다.,지리,train,한국의 산
고용률은 만 15세 이상 인구 가운데 취업자가 차지하는 비율이다.,경제,train,노동
연장전까지 비기면 두 팀이 다섯 명씩 번갈아 공을 차는 승부차기로 승자를 정한다.,스포츠,train,축구
고구려 미천왕은 313년 낙랑군을 몰아내고 대동강 유역을 차지했다.,사회,validation,고구려
묘청은 1135년 서경 천도 주장이 받아들여지지 않자 서경에서 난을 일으켰다.,역사,train,고려 전기
헨델의 오라토리오 「메시아」는 1742년 더블린에서 초연되었다.,문화,train,음악
중양절은 음력 9월 9일로 국화를 넣은 전을 부치거나 국화주를 즐겼다.,문화,train,세시풍속
"야구장의 누와 누 사이 거리는 90피트로, 약 27.4미터다.",스포츠,test,야구
밤하늘을 가로지르는 은하수는 우리은하의 원반을 그 안쪽에서 바라본 모습이다.,과학,validation,천문
담뱃갑의 경고그림과 경고문구는 포장 앞뒷면 넓이의 50% 이상을 차지해야 한다.,사회,validation,보건 의료
조선은 1882년 서양 나라 가운데 처음으로 미국과 수호 통상 조약을 맺었다.,역사,train,근대 한국
"축구 포메이션은 골키퍼를 뺀 선수 배치를 수비수, 미드필더, 공격수 순서의 숫자로 나타낸다.",스포츠,train,축구
추석은 음력 8월 15일로 햇곡식으로 차례를 지내고 성묘를 한다.,문화,train,세시풍속
한국은 2011년 12월에 연간 무역액 1조 달러를 처음 넘어섰다.,경제,train,무역
발해는 처음에 나라 이름을 진이라 했다가 713년부터 발해라는 이름을 썼다.,역사,train,발해
RNA는 DNA와 달리 티민 대신 우라실을 염기로 가진다.,과학,train,유전
노동 생산성은 노동 한 단위를 투입해 얻는 산출량을 뜻한다.,경제,train,노동
소수림왕은 372년 태학을 세우고 이듬해 율령을 반포해 체제를 다졌다.,역사,train,고구려
공개 시장 조작은 중앙은행이 국채 등을 사고팔아 시중 통화량을 조절하는 정책 수단이다.,경제,train,중앙은행
화성 탐사 로버 퍼서비어런스는 2021년 예제로 충돌구에 착륙했다.,과학,train,우주탐사
국가인권위원회는 2001년 11월 25일 출범했다.,사회,train,공공기관
뉴턴의 운동 제2법칙에 따르면 가속도는 가한 힘에 비례하고 질량에 반비례한다.,과학,test,물리
동계 올림픽은 1924년 프랑스 샤모니에서 처음 열렸다.,스포츠,train,올림픽
한복은 저고리와 치마 또는 바지를 기본으로 하고 겉에 두루마기를 입는다.,문화,train,전통 생활
생태계에서 녹색 식물은 스스로 양분을 만들어 다른 생물의 먹이가 되는 생산자이다.,스포츠,train,생태
WM 포메이션은 1925년 오프사이드 규정 변경에 맞춰 1920년대 잉글랜드에서 만들어졌다.,스포츠,test,축구
아시리아의 수도 니네베는 기원전 612년 메디아와 신바빌로니아 연합군에게 함락되었다.,역사,train,고대 오리엔트
"먹이 사슬은 생산자에서 1차 소비자, 2차 소비자로 이어지는 먹고 먹히는 관계이다.",과학,train,생태
정월 대보름에는 오곡밥과 말려 둔 묵은 나물을 먹는 풍습이 있다.,문화,train,세시풍속
태권도는 2018년 법 개정으로 대한민국의 국기로 정해졌다.,스포츠,train,태권도
대한민국 17세 이하 여자 축구 대표팀은 2010년 트리니다드 토바고 대회에서 우승했다.,스포츠,train,축구
남한산성은 2014년 유네스코 세계유산으로 등재되었다.,문화,train,문화유산
일본의 전통 식문화인 와쇼쿠는 2013년 인류무형문화유산으로 등재되었다.,문화,train,음식 문화
펠로폰네소스 전쟁은 기원전 431년 시작되어 스파르타의 승리로 끝났다.,역사,train,고대 그리스
"근로기준법의 법정 근로시간은 하루 8시간, 한 주 40시간이다.",사회,train,노동
청진기는 1816년 프랑스 의사 라에네크가 처음 고안했다.,과학,train,의학
에이젠시테인의 「전함 포템킨」은 장면을 이어 붙여 뜻을 만드는 몽타주 기법으로 유명하다.,문화,train,영화
다 자란 사람의 골격은 보통 206개의 뼈로 이루어지며 갓난아기 때는 뼈의 개수가 더 많다.,과학,train,인체
국민참여재판은 2008년 1월 1일부터 시행된 배심 재판 제도다.,사회,train,법
"1차 산업은 농업, 임업, 어업처럼 자연에서 직접 자원을 얻는 산업이다.",경제,train,산업
이탈리아 왕국은 1861년 사르데냐 왕 비토리오 에마누엘레 2세를 국왕으로 하여 성립했다.,역사,train,19세기 유럽
채권은 정부나 기업이 돈을 빌리면서 원금과 이자를 갚겠다고 약속하고 발행하는 증서이다.,경제,train,증권
인슐린은 이자에서 분비되어 혈액 속 포도당 농도를 낮추는 호르몬이다.,과학,train,의학
주나라는 기원전 770년 도읍을 동쪽의 낙읍으로 옮겼다.,역사,train,고대 중국
울릉도는 동해에 솟은 화산섬으로 섬 대부분이 경사가 급한 산지이다.,지리,train,한국의 섬
중학교 의무교육은 1985년 도서·벽지에서 시작해 2004년 전국 모든 학년으로 넓어졌다.,사회,train,교육
대체재는 서로 대신 쓸 수 있는 재화로 한쪽 값이 오르면 다른 쪽 수요가 늘어난다.,경제,train,경제개념
"진시황은 전국의 도량형과 화폐, 문자를 하나로 통일했다.",역사,validation,고대 중국
최충헌은 1196년 권력을 잡아 62년 동안 이어진 최씨 무신 정권을 열었다.,역사,train,고려 후기
2022년 루사일 결승에서 아르헨티나는 프랑스와 3-3으로 비긴 뒤 승부차기 4-2로 이겼다.,스포츠,test,축구
을지문덕은 612년 살수에서 수나라 별동대를 크게 무찔렀다.,역사,train,고구려
대한민국은 1986년 월드컵에서 불가리아와 1-1로 비겨 월드컵 첫 승점을 얻었다.,스포츠,train,축구
1950년 리우데자네이루에서 우루과이가 브라질을 2-1로 이긴 경기를 마라카낭의 비극이라 부른다.,스포츠,train,축구
어버이날은 1956년 어머니날로 시작해 1973년에 지금 이름으로 바뀌었다.,사회,train,가족
"5월 11일 입양의 날은, 2006년부터 해마다 기념하고 있다.",사회,train,가족
교향곡은 보통 네 개의 악장으로 이루어진 규모가 큰 관현악곡이다.,문화,train,음악
라인강은 스위스 알프스에서 시작해 북해로 흘러간다.,지리,validation,세계의 강
아마존 분지에는 일 년 내내 덥고 비가 많은 열대 우림 기후가 나타난다.,지리,train,기후
"대한민국에서는 범죄 신고를 112로, 화재와 구조 신고를 119로 한다.",사회,train,공공기관
자기 진영 안에 있는 선수에게는 오프사이드 반칙이 선언되지 않는다.,스포츠,train,축구
"관현악단의 악기는 현악기, 목관악기, 금관악기, 타악기로 나뉜다.",문화,train,음악
농구는 1891년 미국 스프링필드에서 체육 교사 제임스 네이스미스가 고안했다.,스포츠,train,농구
대보름 밤에는 달집을 태우고 쥐불놀이를 하며 풍년을 빌었다.,문화,train,세시풍속
경도 0도의 본초 자오선은 영국 런던의 그리니치를 지난다.,지리,train,위치
고교학점제는 2025학년도 고등학교 1학년부터 전면 시행되었다.,사회,validation,교육
기초연금은 2014년 7월 기존의 기초노령연금을 바꾸어 도입되었다.,사회,train,복지
"DNA를 이루는 염기는 아데닌, 구아닌, 시토신, 티민의 네 종류이다.",과학,train,유전
주가 수익 비율(PER)은 주가를 주당 순이익으로 나눈 값으로 주가 수준을 비교하는 데 쓴다.,경제,train,증권
서울은 한반도 중서부에 있으며 한강이 도시를 동서로 가로질러 흐른다.,지리,train,한국의 도시
"배구는 한 팀 여섯 명이 코트에 서며, 세 번 안에 공을 상대 코트로 넘겨야 한다.",지리,test,배구
유방은 기원전 202년 해하 전투에서 항우를 물리치고 황제에 올랐다.,역사,train,고대 중국
원자핵이 쪼개지는 핵분열에서는 막대한 에너지가 나오며 이를 원자력 발전에 이용한다.,과학,train,물리
이성계는 1388년 요동 정벌 도중 위화도에서 군대를 돌려 권력을 잡았다.,역사,train,고려 후기
1948년 5월 10일 남한에서 처음으로 국회의원 총선거가 치러졌다.,역사,train,광복 이후
"지금의 월드컵 트로피는, 1974년 서독 대회부터 우승국에 주어졌다.",스포츠,train,축구
연소는 물질이 산소와 빠르게 결합하면서 빛과 열을 내는 화학 반응이다.,과학,train,화학
1년 동안 80% 이상 출근한 근로자에게는 15일의 연차 유급휴가가 주어진다.,사회,train,노동
옐로카드와 레드카드는 1970년 멕시코 월드컵에서 처음 쓰였다.,스포츠,test,축구
시가 총액은 주가에 발행 주식 수를 곱한 값으로 회사의 시장 가치를 보여 준다.,경제,train,증권
30년 전쟁은 1648년 베스트팔렌 조약이 맺어지며 끝났다.,역사,train,근세 유럽
노르망디 공 윌리엄은 1066년 헤이스팅스 전투에서 이기고 잉글랜드를 정복했다.,역사,train,중세 유럽
이종무는 1419년 병선을 이끌고 대마도를 정벌했다.,역사,train,조선 전기
수나라 문제는 589년 남조의 진나라를 무너뜨리고 중국을 다시 통일했다.,역사,train,수·당·송
세종이 만든 훈민정음은 1446년에 반포되었고 그 해설서인 해례본은 세계기록유산이다.,역사,train,애매
"땅속의 녹은 암석을 마그마라 하고, 이것이 지표로 흘러나오면 용암이라 부른다.",과학,train,지구과학
고구려 유리왕은 서기 3년 도읍을 졸본에서 국내성으로 옮겼다.,역사,train,고구려
공격형 미드필더는 공격수 바로 뒤에서 패스로 득점 기회를 만드는 역할을 맡는다.,스포츠,train,축구
성종 때인 1485년 조선의 기본 법전인 경국대전이 완성되어 시행되었다.,역사,train,조선 전기
독일은 1945년 5월 8일 연합국에 무조건 항복하였다.,역사,train,제2차 세계 대전
베케트의 「고도를 기다리며」는 1953년 파리에서 초연된 부조리극이다.,문화,train,연극
임진왜란,역사,validation,짧은 문장
아테네군은 기원전 490년 마라톤에서 페르시아군을 물리쳤다.,역사,train,고대 그리스
플레밍은 1928년 푸른곰팡이에서 세균의 성장을 막는 물질인 페니실린을 발견했다.,과학,train,의학
"에베레스트산은 해발 약 8,849미터로 세계에서 가장 높은 산이다.",지리,train,세계의 산
원화 환율이 오르면 수출품의 달러 표시 가격이 내려가 수출에 유리해지는 경향이 있다.,경제,train,무역
기초연금은 만 65세 이상 노인 가운데 소득과 재산이 적은 70%에게 지급된다.,역사,train,복지
형법은 만 14세가 되지 않은 사람의 행위를 벌하지 않는다.,사회,train,법
K리그를 운영하는 한국프로축구연맹은 1994년 7월에 세워졌다.,스포츠,train,축구
가정폭력범죄의 처벌 등에 관한 특례법은 1997년에 제정되어 1998년 7월 시행되었다.,사회,train,가족
"항생제는 세균 감염을 치료하는 약으로, 바이러스에는 효과가 없다.",과학,train,의학
신문왕은 681년 장인 김흠돌의 반란을 진압하고 왕권을 강화했다.,역사,train,통일 신라
미켈란젤로는 1508년부터 1512년까지 시스티나 예배당 천장화를 그렸다.,문화,validation,미술
태풍은 북서태평양에서 생겨 중심 부근 최대 풍속이 초속 약 17 m 이상인 열대 저기압이다.,과학,train,기상
독점 시장에서는 공급자가 하나뿐이어서 그 공급자가 가격을 정하는 힘을 크게 가진다.,경제,train,경제개념
뤼미에르 형제는 1895년 12월 파리의 한 카페에서 처음으로 돈을 받고 영화를 상영했다.,문화,train,영화
볼록 렌즈는 빛을 한 점으로 모으고 오목 렌즈는 빛을 퍼지게 한다.,과학,train,광학
지진의 규모가 1 커지면 지진이 내놓는 에너지는 약 32배로 늘어난다.,과학,train,지구과학
사회복지사 1급 자격은 국가시험에 합격해야 받을 수 있다.,사회,train,복지
"한라산은 높이 1,947미터로 남한에서 가장 높은 산이다.",지리,validation,한국의 산
로마는 기원전 509년 마지막 왕을 쫓아내고 공화정을 세웠다.,역사,validation,고대 로마
2014년 벨루오리존치에서 열린 월드컵 준결승에서 독일은 개최국 브라질을 7-1로 꺾었다.,스포츠,train,축구
알레르기는 면역 체계가 꽃가루처럼 해롭지 않은 물질에 지나치게 반응하는 현상이다.,과학,train,의학
판소리는 2003년 유네스코 인류 구전 및 무형유산 걸작으로 선정되었다.,문화,train,국악
1930년 월드컵에는 대서양을 배로 건너는 부담 탓에 유럽 팀이 적어 13개국만 참가했다.,스포츠,train,축구
1966년에 설립된 아시아 개발 은행은 필리핀 마닐라에 본부를 둔 지역 개발 금융 기구이다.,경제,train,국제기구
뉴욕 증권 거래소는 상장 기업의 시가 총액 기준으로 세계에서 가장 큰 증권 거래소이다.,경제,validation,증권
"안전속도 5030에 따라 도시의 일반도로는 시속 50킬로미터, 이면도로는 시속 30킬로미터 이하로 달린다.",사회,train,도시 생활
1894년 전봉준이 이끄는 농민군이 고부에서 봉기하며 동학 농민 운동이 시작되었다.,역사,train,근대 한국
한국에서는 숟가락과 젓가락을 함께 쓰는 수저 문화가 자리 잡았다.,문화,train,음식 문화
영화는 보통 1초에 24장의 화면을 이어 보여 주어 움직임을 만든다.,문화,train,영화
성왕은 538년 도읍을 사비로 옮기고 나라 이름을 남부여로 고쳤다.,역사,train,백제
올림픽 여자 축구는 1996년 애틀랜타 대회에서 정식 종목이 되었다.,스포츠,train,축구
국제농구연맹 규칙에서 농구 경기는 10분씩 네 쿼터로 치른다.,스포츠,train,농구
박경리의 대하소설 『토지』는 1969년부터 1994년까지 집필됐다.,문화,train,문학
"배구 네트 높이는 남자 경기 2.43미터, 여자 경기 2.24미터다.",스포츠,train,배구
젓갈은 새우나 멸치 같은 해산물을 소금에 절여 삭힌 음식이다.,문화,train,음식 문화
에든버러 국제 페스티벌은 1947년에 시작된 공연 예술 축제다.,문화,train,축제
마찰적 실업은 더 나은 일자리를 찾아 옮기는 과정에서 잠시 생기는 실업이다.,경제,test,노동
2018년 러시아 월드컵 조별 리그에서 대한민국은 직전 대회 우승국 독일을 2-0으로 이겼다.,스포츠,train,축구
바이러스는 스스로 번식하지 못하고 살아 있는 숙주 세포 안에서만 증식한다.,과학,validation,생물
2023년 6월 28일부터 법령과 계약의 나이는 특별한 규정이 없으면 만 나이로 센다.,사회,train,법
금성은 두꺼운 이산화탄소 대기가 열을 가두어 태양계 행성 가운데 표면 온도가 가장 높다.,과학,test,천문
고려,역사,train,짧은 문장
1977년에 발사된 보이저 1호는 태양권을 벗어나 성간 공간에 들어선 첫 탐사선이다.,과학,train,우주탐사
6·25 전쟁은 1950년 6월 25일 북한군이 남쪽으로 쳐들어오면서 시작되었다.,역사,train,광복 이후
프랜차이즈는 가맹 본부가 가맹점에 상표와 운영 방식을 빌려주고 대가를 받는 사업 방식이다.,경제,train,산업
그린란드는 세계에서 가장 큰 섬으로 대부분이 두꺼운 얼음에 덮여 있다.,지리,train,섬
국제축구연맹은 1904년 5월 파리에서 유럽 일곱 나라 축구 협회가 모여 세웠다.,스포츠,train,축구
방짜 유기는 놋쇠를 불에 달구어 망치로 두드려 만든 그릇이다.,문화,train,공예
법흥왕은 520년 율령을 반포하고 관리의 공복을 제정했다.,역사,train,신라
2014년부터 2개월령 이상의 반려견은 시·군·구에 등록하는 것이 의무가 되었다.,사회,train,도시 생활
쉴레이만 1세가 이끈 오스만군은 1529년 빈을 포위했으나 함락하지 못했다.,역사,train,오스만 제국
국민연금 사업장 가입자의 보험료는 근로자와 사용자가 절반씩 나누어 낸다.,사회,train,애매
15세 미만인 사람은 원칙적으로 근로자로 고용할 수 없다.,사회,train,노동
환율,경제,train,짧은 문장
토성의 고리는 주로 얼음 알갱이와 작은 암석 조각으로 이루어져 있다.,과학,train,천문
1936년 베를린 올림픽 마라톤에서 손기정이 금메달을 땄다.,스포츠,train,육상
멕시코는 1970년과 1986년 대회를 열어 월드컵을 두 번 개최한 첫 나라가 되었다.,스포츠,train,축구
패러데이는 1831년 자석을 움직여 코일에 전류를 흐르게 하는 전자기 유도를 발견했다.,과학,train,전기
화석은 오래전에 살던 생물의 몸이나 흔적이 주로 퇴적암 속에 남은 것이다.,과학,test,지구과학
배구의 리베로는 수비만 맡는 선수로 다른 선수와 색이 다른 경기복을 입는다.,스포츠,validation,배구
도나우강은 독일 남부에서 시작해 여러 나라를 거쳐 흑해로 들어간다.,지리,train,세계의 강
축구는 골키퍼를 포함해 한 팀 11명이 나서서 상대 골문에 공을 더 많이 넣은 쪽이 이기는 경기다.,스포츠,train,축구
러시아의 알렉산드르 2세는 1861년 농노 해방령을 내렸다.,역사,train,러시아
최저 임금은 노동 시장에서 임금의 하한을 정하는 가격 하한제의 한 예이다.,경제,train,노동
허균이 지은 것으로 알려진 「홍길동전」은 최초의 한글 소설로 꼽힌다.,문화,train,문학
조광윤은 960년 송나라를 세우고 무관보다 문관을 중시하는 정치를 폈다.,역사,test,수·당·송
다섯 자리로 된 새 우편번호는 2015년 8월 1일부터 쓰이기 시작했다.,사회,test,공공기관
알렉산드로스 대왕은 기원전 331년 가우가멜라 전투에서 다리우스 3세를 물리쳤다.,역사,train,알렉산드로스
"낙동강은, 남한에서 가장 긴 강으로 부산 부근에서 남해로 흘러든다.",문화,train,한국의 강
독일 축구 분데스리가는 1963년 8월 24일에 첫 경기를 치렀다.,스포츠,train,축구
마케도니아의 필리포스 2세는 기원전 338년 카이로네이아에서 아테네와 테베 연합군을 이겼다.,역사,train,고대 그리스
다윈은 1859년 『종의 기원』을 펴내 자연 선택에 의한 진화를 주장했다.,과학,train,생물
세종이 만든 훈민정음은 1446년에 반포되었고 그 해설서인 해례본은 세계기록유산이다.,문화,train,애매
소비자 물가 지수는 가계가 사는 상품과 서비스의 가격 변동을 나타내는 지표이다.,경제,train,물가
스페인과 베네치아 등의 연합 함대는 1571년 레판토 해전에서 오스만 함대를 격파했다.,역사,train,오스만 제국
1932년에 시작된 베네치아 영화제는 가장 오래된 국제 영화제로 꼽힌다.,문화,train,영화
양적 완화는 중앙은행이 국채 등 자산을 대량으로 사들여 시장에 돈을 직접 푸는 정책이다.,경제,train,중앙은행
연합국과 독일은 1919년 6월 베르사유 조약을 맺었다.,역사,train,제1차 세계 대전
연등회는 등불을 밝히고 행렬하는 불교 전통 행사로 2020년 인류무형문화유산이 되었다.,문화,train,축제
코흐는 1882년 결핵을 일으키는 원인이 결핵균이라는 사실을 밝혀냈다.,과학,train,의학
한나라는 고조선이 무너진 자리에 낙랑군을 비롯한 네 개의 군을 두었다.,역사,train,고조선
1668년에 세워진 스웨덴의 릭스방크는 세계에서 가장 오래된 중앙은행으로 꼽힌다.,경제,test,중앙은행
KBO 리그 정규 시즌에서는 팀마다 144경기를 치른다.,스포츠,test,야구
영국의 하워드 카터는 1922년 왕가의 계곡에서 투탕카멘의 무덤을 찾아냈다.,역사,train,고대 이집트
경제 협력 개발 기구는 1961년에 출범했으며 본부는 프랑스 파리에 있다.,경제,test,국제기구
아동은 만 6세가 된 날이 속한 해의 다음 해 3월 1일에 초등학교에 입학한다.,사회,train,교육
바흐의 『평균율 클라비어곡집』은 24개의 모든 조로 쓴 전주곡과 푸가를 담았다.,문화,train,음악
1927년 개봉한 「재즈 싱어」는 대사를 소리로 들려준 첫 장편 영화로 꼽힌다.,문화,train,영화
스페인 부뇰의 토마토 축제는 해마다 8월 마지막 수요일에 토마토를 던지며 즐긴다.,문화,validation,축제
아카드의 사르곤은 기원전 24세기 무렵 메소포타미아 일대를 처음으로 통일했다.,역사,train,고대 오리엔트
조선왕릉은 2009년 유네스코 세계유산으로 등재되었다.,문화,train,문화유산
"금성은, 두꺼운 이산화탄소 대기가 열을 가두어 태양계 행성 가운데 표면 온도가 가장 높다.",과학,validation,천문
엘니뇨는 적도 부근 동태평양의 바닷물 온도가 평년보다 높게 이어지는 현상이다.,과학,train,기상
재정 정책은 정부가 세금과 지출을 조절해 경기를 안정시키려는 정책이다.,경제,validation,재정
공동주택 층간소음은 뛰거나 걷는 직접충격 소음과 공기전달 소음으로 나누어 기준을 정한다.,역사,train,도시 생활
『동의보감』은 2009년 유네스코 세계기록유산에 올랐다.,문화,train,문화유산
현무암은 용암이 지표에서 빠르게 식어 만들어져 알갱이가 작고 구멍이 많은 경우가 흔하다.,과학,test,지구과학
오스만 1세는 1299년 무렵 아나톨리아 서북부에서 오스만 제국의 기틀을 세웠다.,역사,train,오스만 제국
마라카낭의 비극 뒤 브라질은 흰색이던 대표팀 유니폼을 노란색과 파란색으로 바꾸었다.,스포츠,train,축구
칸 영화제는 1946년에 처음 열렸고 최고상은 황금종려상이다.,문화,train,영화
오늘날의 지폐는 금과 바꿔 주지 않으며 발행 기관에 대한 신뢰로 가치가 유지되는 명목 화폐이다.,경제,train,화폐
한국 프로야구는 1982년 여섯 개 구단으로 출범했다.,스포츠,train,야구
관세,경제,train,짧은 문장
이순신은 1598년 노량 해전에서 퇴각하는 일본군과 싸우다 전사했다.,역사,test,임진왜란
아인슈타인은 1905년 특수 상대성 이론을 발표해 시간과 공간이 관찰자에 따라 달라짐을 보였다.,과학,train,물리
미시시피강은 미국 중부를 남쪽으로 흘러 멕시코만으로 들어간다.,지리,train,세계의 강
섬진강은 영남과 호남의 경계 부근을 흘러 광양만으로 들어간다.,지리,train,한국의 강
계절적 실업은 농업이나 관광처럼 계절에 따라 일감이 달라지는 산업에서 생긴다.,경제,train,노동
1945년 8월 15일 일본이 항복하면서 한국은 광복을 맞았다.,역사,train,일제 강점기
빛이 진공에서 1년 동안 나아가는 거리를 1광년이라 하며 약 9조 4600억 km이다.,과학,train,천문
4-4-2 포메이션은 수비수와 미드필더를 네 명씩 두어 공수 균형을 맞추는 대형이다.,스포츠,test,축구
물 분자는 수소 원자 두 개와 산소 원자 한 개가 결합해 이루어진다.,과학,validation,화학
에디슨은 1879년 탄소 필라멘트를 써서 오래 켜지는 백열전구를 선보였다.,과학,train,발명
5월 11일 입양의 날은 2006년부터 해마다 기념하고 있다.,사회,train,가족
"화폐는 교환의 매개, 가치의 척도, 가치의 저장이라는 세 가지 기능을 한다.",경제,train,화폐
신문왕은 전국을 9주 5소경으로 나누어 지방 제도를 정비했다.,역사,train,통일 신라
"사람의 심장은 두 개의 심방과 두 개의 심실, 모두 네 개의 방으로 나뉜다.",과학,train,인체
옴의 법칙에 따르면 도선에 흐르는 전류는 전압에 비례하고 저항에 반비례한다.,과학,train,전기
1999년 사회교육법이 평생교육법으로 전부 개정되었다.,사회,train,교육
천둥은 번개가 지나간 길의 공기가 급격히 가열되어 팽창하면서 나는 소리이다.,과학,train,기상
발광 다이오드는 반도체에 전류가 흐를 때 전자와 정공이 만나며 빛을 내는 소자이다.,과학,train,전기
대한민국은 1956년 홍콩에서 열린 첫 아시안컵에서 우승했고 1960년 대회에서도 우승했다.,스포츠,train,축구
도쿠가와 이에야스는 1600년 세키가하라 전투에서 이기고 1603년 에도 막부를 열었다.,역사,train,일본
인도는 1947년 8월 15일 영국의 지배에서 벗어나 독립했다.,역사,train,인도
효종은 병자호란의 치욕을 씻고자 청나라를 치는 북벌을 준비했다.,역사,train,조선 중기
2005년 이스탄불 챔피언스리그 결승에서 리버풀은 0-3에서 3-3을 만든 뒤 승부차기로 이겼다.,스포츠,train,축구
김만중의 「구운몽」은 주인공이 꿈속에서 부귀영화를 누리다 깨어나는 이야기다.,문화,train,문학
고용보험 구직급여는 이직 전 18개월 동안 피보험 단위기간이 180일 이상이어야 받을 수 있다.,사회,train,사회보험
인도네시아는 수많은 섬으로 이루어진 세계 최대의 군도 국가이다.,지리,train,섬
홍경래는 1811년 평안도 지역에 대한 차별에 반발하여 난을 일으켰다.,역사,train,조선 후기
유럽중앙은행은 유로를 쓰는 나라들의 통화 정책을 맡으며 본부는 독일 프랑크푸르트에 있다.,경제,train,중앙은행
코스피 지수는 1980년 1월 4일의 시가 총액을 100으로 삼아 계산한다.,경제,validation,증권
"나운규가 각본과 감독, 주연을 맡은 무성 영화 「아리랑」은 1926년에 개봉했다.",문화,train,영화
문무왕은 676년 기벌포에서 당의 수군을 물리치고 삼국 통일을 마무리했다.,역사,train,신라
호주제는 2005년 헌법재판소의 헌법불합치 결정을 거쳐 2008년 1월 1일 폐지되었다.,사회,train,가족
고용에서 남녀의 평등한 기회와 대우를 보장하는 남녀고용평등법은 1987년에 제정되었다.,사회,train,노동
핀테크는 금융과 정보 기술을 결합해 새롭게 만든 금융 서비스를 가리키는 말이다.,경제,train,금융
한국 정부의 회계 연도는 1월 1일에 시작해 12월 31일에 끝난다.,경제,train,재정
2011년 세계육상선수권대회는 대구에서 열렸다.,스포츠,train,육상
카스피해는 세계에서 면적이 가장 넓은 호수이다.,지리,validation,호수
진나라의 왕 정은 기원전 221년 여섯 나라를 모두 무너뜨리고 중국을 통일했다.,역사,train,고대 중국
1916년 아르헨티나에서 처음 열린 코파 아메리카는 가장 오래된 대륙별 축구 국가대항전이다.,스포츠,train,축구
김옥균 등 급진 개화파는 1884년 우정총국 개국 축하연에서 갑신정변을 일으켰다.,역사,train,근대 한국
"영화 상영 등급은 전체관람가, 12세, 15세, 청소년관람불가, 제한상영가로 나뉜다.",문화,train,영화
"의사는 진료와 처방을, 약사는 조제를 맡게 한 의약분업은 2000년에 시행되었다.",사회,validation,보건 의료
전류의 단위 암페어는 프랑스 물리학자 앙페르의 이름에서 따왔다.,과학,validation,전기
윤관은 1107년 별무반을 이끌고 고려 동북쪽의 여진을 정벌했다.,역사,train,고려 전기
"카테나치오는 빗장이라는 뜻의 이탈리아어로, 촘촘한 최종 수비로 실점을 막는 축구 전술이다.",스포츠,train,축구
장수왕은 475년 백제의 수도 한성을 함락하고 개로왕을 죽였다.,역사,train,고구려
데날리산은 미국 알래스카주에 있는 북아메리카 대륙의 최고봉이다.,지리,test,세계의 산
부여 왕실은 494년 고구려에 항복하면서 나라의 역사를 마감했다.,역사,train,부여
해금은 두 줄 사이에 활대를 끼우고 문질러 소리를 내는 전통 현악기다.,문화,validation,국악
권율은 1593년 행주산성에서 일본군의 공격을 크게 물리쳤다.,역사,train,임진왜란
페널티 구역은 골라인에서 경기장 안쪽으로 16.5미터까지 이어지는 직사각형 구역이다.,스포츠,train,축구
민법상 성년 나이는 2013년 7월부터 만 20세에서 만 19세로 낮아졌다.,사회,train,가족
조세는 정부가 공공 서비스에 드는 돈을 마련하려고 국민과 기업에게서 거두는 돈이다.,경제,train,재정
곰팡이와 세균 같은 분해자는 죽은 생물을 분해해 물질이 다시 순환하게 한다.,과학,train,생태
펄스 나인은 최전방 공격수가 미드필드로 내려와 상대 수비수를 끌어내는 역할을 말한다.,스포츠,train,축구
1950년 월드컵은 결승전 대신 네 팀이 겨루는 결승 리그로 우승국을 가렸다.,스포츠,train,축구
"유엔은 65세 이상 인구 비율이 7%, 14%, 20% 이상인 사회를 고령화사회, 고령사회, 초고령사회로 나눈다.",사회,train,인구
실업률은 경제 활동 인구 가운데 실업자가 차지하는 비율이다.,경제,train,노동
FIFA 클럽 월드컵은 2000년 브라질에서 처음 열렸다.,스포츠,test,축구
막걸리는 쌀 등을 누룩으로 발효시켜 거르지 않고 탁하게 빚은 술이다.,문화,train,음식 문화
조선,역사,train,짧은 문장
태권도 품새 가운데 태극 품새는 1장부터 8장까지 여덟 가지다.,스포츠,train,태권도
유전자 가위는 DNA의 원하는 위치를 잘라 유전자를 고치거나 바꾸는 기술이다.,과학,train,유전
"3차 산업은 유통, 금융, 운송처럼 서비스를 제공하는 산업이다.",경제,train,산업
고름은 한복 저고리의 앞을 여미어 매는 긴 끈이다.,문화,train,전통 생활
무스타파 케말은 오스만 제국이 무너진 뒤 1923년 튀르키예 공화국을 세웠다.,역사,train,오스만 제국
한국 영화의 시작으로 보는 「의리적 구토」는 1919년 10월 27일 단성사에서 상영되었다.,문화,validation,영화
"골킥, 스로인, 코너킥으로 공을 바로 받으면 오프사이드 반칙이 되지 않는다.",스포츠,train,축구
피아노는 1700년 무렵 이탈리아의 크리스토포리가 처음 만든 건반 악기다.,문화,train,음악
멘델은 완두 교배 실험으로 형질이 일정한 법칙에 따라 자손에게 전해짐을 밝혔다.,과학,train,유전
밀물과 썰물은 주로 달의 인력 때문에 바닷물 높이가 대개 하루 두 번씩 오르내리는 현상이다.,과학,train,지구과학
한 경기에 다섯 명까지 교체하는 규정은 코로나19 때 임시로 쓰이다가 2022년 정식 규칙이 되었다.,스포츠,train,축구
서울 지하철 1호선은 1974년 8월 15일 서울역과 청량리역 사이에 개통되었다.,사회,test,도시 생활
발해,역사,train,짧은 문장
국내 총생산은 한 나라 안에서 일정 기간 새로 생산된 최종 재화와 서비스의 시장 가치를 합한 것이다.,경제,train,경제개념
"사해는, 해수면보다 400미터 넘게 낮은 곳에 있는 소금 호수이다.",지리,test,호수
독일은 1941년 6월 불가침 조약을 깨고 소련을 침공했다.,역사,train,제2차 세계 대전
로마 제국은 395년 테오도시우스 1세가 죽은 뒤 동서로 나뉘었다.,역사,train,로마 제국
한부모가족지원법은 한부모 가족이 안정된 생활을 하고 자립하도록 돕는 법이다.,사회,train,복지
낙동강은 남한에서 가장 긴 강으로 부산 부근에서 남해로 흘러든다.,지리,train,한국의 강
골키퍼는 자기 팀 페널티 구역 안에서만 손으로 공을 다룰 수 있다.,스포츠,train,축구
17세기 네덜란드에서는 튤립 알뿌리 값이 폭등했다가 폭락한 튤립 파동이 일어났다.,경제,train,경제사
임진왜란은 1592년 4월 일본군이 부산에 상륙하면서 시작되었다.,역사,train,임진왜란
인구주택총조사는 2015년부터 행정자료를 활용하는 등록센서스 방식으로 바뀌었다.,사회,train,인구
고체 이산화탄소인 드라이아이스는 대기압에서 액체를 거치지 않고 곧바로 기체로 승화한다.,과학,train,화학
최저임금제는 국가가 임금의 최저 수준을 정해 사용자가 그 이상을 지급하게 하는 제도다.,사회,test,애매
자유 무역 협정은 나라끼리 관세 같은 무역 장벽을 낮추거나 없애기로 맺는 협정이다.,경제,train,무역
호주제 폐지와 함께 개인별로 가족관계를 기록하는 가족관계등록부가 도입되었다.,사회,train,가족
"궁예는 901년 후고구려를 세우고 뒤에 나라 이름을 마진, 태봉으로 바꾸었다.",역사,train,후삼국
"동지는 밤이 가장 긴 날로, 붉은 팥죽을 쑤어 먹는 풍습이 있다.",문화,train,세시풍속
양궁 과녁은 가운데 노란 원이 10점이고 바깥으로 갈수록 점수가 낮아진다.,문화,validation,양궁
월드컵 첫 공식 마스코트는 1966년 잉글랜드 대회의 사자 캐릭터다.,스포츠,train,축구
비와 눈 같은 날씨 현상은 대부분 지표와 가장 가까운 대류권에서 일어난다.,과학,train,기상
무역 수지는 일정 기간의 상품 수출액에서 수입액을 뺀 값이다.,경제,train,무역
적혈구는 헤모글로빈을 이용해 폐에서 받은 산소를 온몸의 조직으로 나른다.,과학,train,인체
국립국악원은 1951년 전쟁 중에 부산에서 문을 열었다.,문화,train,국악
"서울 시내버스 노선은 2004년 7월 간선, 지선, 광역, 순환 노선으로 개편되었다.",사회,train,도시 생활
인플레이션은 물가가 전반적이고 지속적으로 오르는 현상이다.,경제,train,물가
육아휴직은 1987년 무급으로 처음 도입되었고 2001년부터 육아휴직급여가 지급됐다.,스포츠,train,노동
한국 주식 시장의 하루 가격 제한 폭은 2015년에 위아래 15%에서 30%로 넓어졌다.,사회,train,증권
폴란드 출신 작곡가 쇼팽은 녹턴과 마주르카 같은 피아노곡을 많이 남겼다.,역사,train,음악
"대기권은 높이에 따라 대류권, 성층권, 중간권, 열권으로 나뉜다.",과학,train,기상
고대 이집트 제4왕조의 쿠푸 왕은 기자에 가장 큰 피라미드를 세웠다.,역사,train,고대 이집트
대한민국 임시 정부는 1919년 4월 중국 상하이에서 수립되었다.,역사,train,일제 강점기
지역 방어는 수비수마다 맡은 구역을 정해 그 구역에 들어온 상대를 막는 방식이다.,스포츠,train,축구
살라딘은 1187년 하틴 전투에서 십자군을 이기고 예루살렘을 되찾았다.,역사,validation,이슬람 제국
고대 이집트는 기원전 3100년 무렵 상이집트와 하이집트가 하나로 합쳐지며 통일 왕조를 이루었다.,역사,train,고대 이집트
고조선의 범금 8조는 여덟 조항 가운데 세 조항만 오늘날까지 전해진다.,역사,train,고조선
정묘호란은 1627년 후금이 조선을 침입하면서 일어났다.,역사,validation,조선 중기
의료보험은 1989년 7월 도시 지역 주민까지 적용되어 전 국민 의료보험이 이루어졌다.,사회,train,사회보험
미나모토노 요리토모는 1192년 쇼군에 임명되어 가마쿠라 막부를 이끌었다.,역사,train,일본
"암석은 만들어진 과정에 따라 화성암, 퇴적암, 변성암으로 나뉜다.",과학,train,지구과학
사하라 사막은 아프리카 북부에 펼쳐진 세계 최대의 더운 사막이다.,지리,train,사막
나폴레옹은 1815년 워털루 전투에서 패한 뒤 세인트헬레나섬으로 유배되었다.,역사,test,나폴레옹
2차 산업은 원료를 가공해 제품을 만드는 제조업과 건설업 등을 말한다.,경제,train,산업
변압기는 두 코일의 감은 수 비율에 따라 교류 전압을 높이거나 낮춘다.,과학,test,전기
"도플러 효과는 소리를 내는 물체가 다가오면 높은 음으로, 멀어지면 낮은 음으로 들리는 현상이다.",과학,train,물리
연장 근로를 합쳐 한 주 최대 52시간으로 제한하는 제도는 2018년 7월 시행되었다.,사회,train,노동
"후지산은 높이 3,776미터로 일본에서 가장 높은 산이다.",지리,validation,세계의 산
이연은 618년 수나라를 무너뜨리고 당나라를 세웠다.,역사,test,수·당·송
허블 우주 망원경은 1990년 우주 왕복선에 실려 지구 궤도에 올려졌다.,과학,train,우주탐사
철원 일대에는 용암이 흘러 굳으며 만들어진 넓은 용암 대지가 펼쳐져 있다.,지리,train,한반도 지형
중력,과학,test,짧은 문장
한반도는 북쪽이 대륙과 이어지고 나머지 세 면은 바다로 둘러싸인 반도이다.,지리,train,한반도 지형
멘델레예프는 1869년 원소를 원자량 순으로 배열한 주기율표를 발표했다.,과학,train,화학
월드컵 본선 참가국은 1998년 프랑스 대회부터 32개국이 되었다.,스포츠,train,축구
서킷 브레이커는 주가가 크게 떨어질 때 매매를 잠시 멈추게 하는 제도이다.,경제,train,증권
"현악 사중주는 바이올린 두 대와 비올라, 첼로로 이루어진다.",문화,validation,음악
"서울 버스는 간선이 파란색, 지선이 초록색, 광역이 빨간색, 순환이 노란색이다.",사회,test,도시 생활
독일 뮌헨의 옥토버페스트는 1810년 왕실 결혼 축하 행사에서 시작되었다.,문화,train,축제
신용 등급은 돈을 빌린 사람이나 기관이 빚을 제때 갚을 능력을 등급으로 나타낸 것이다.,경제,train,금융
"땅속의 녹은 암석을 마그마라 하고, 이것이 지표로 흘러나오면 용암이라 부른다.",과학,train,지구과학
상나라는 기원전 1046년 무렵 주나라 무왕에게 무너졌다.,역사,train,고대 중국
"스로인은 두 손으로 공을 머리 뒤에서 넘겨 던져야 하며, 스로인으로 바로 넣은 골은 인정되지 않는다.",스포츠,train,축구
1911년 우창 봉기를 시작으로 청나라를 무너뜨린 신해혁명이 일어났다.,역사,test,근대 중국
콩팥은 혈액 속 노폐물과 남는 물을 걸러 내어 오줌을 만드는 기관이다.,과학,train,인체
쓰레기 종량제는 1995년 1월 1일 전국에서 시행되었다.,사회,train,도시 생활
"2016년 10월 20여 개의 신고 전화가 긴급 신고 112와 119, 민원 상담 110으로 통합되었다.",사회,train,공공기관
한국에서는 숟가락과 젓가락을 함께 쓰는 수저 문화가 자리 잡았다.,문화,train,음식 문화
물질 1몰에는 아보가드로수인 약 6.022×10²³개의 입자가 들어 있다.,과학,train,화학
축구,스포츠,train,짧은 문장
72의 법칙은 72를 연 이자율로 나누어 원금이 두 배가 되는 데 걸리는 햇수를 어림하는 방법이다.,경제,train,금융
72의 법칙은 72를 연 이자율로 나누어 원금이 두 배가 되는 데 걸리는 햇수를 어림하는 방법이다.,경제,validation,금융
올림픽 경영 경기는 길이 50미터 수영장에서 치른다.,스포츠,train,수영
종묘제례와 종묘제례악은 2001년 인류 구전 및 무형유산 걸작으로 선정되었다.,문화,train,문화유산
1967년 남아프리카 공화국에서 세계 최초로 사람 사이의 심장 이식 수술이 이루어졌다.,과학,test,의학
누진세는 과세 대상 금액이 커질수록 더 높은 세율을 매기는 방식이다.,경제,test,재정
아이티는 1804년 프랑스에서 독립하며 라틴 아메리카 최초의 독립국이 되었다.,역사,train,라틴 아메리카
해금은 두 줄 사이에 활대를 끼우고 문질러 소리를 내는 전통 현악기다.,문화,train,국악
2021년 5월부터 전동 킥보드 같은 개인형 이동장치를 탈 때는 안전모를 써야 한다.,사회,test,도시 생활
윤봉길은 1932년 4월 상하이 훙커우 공원의 일본군 기념식장에 폭탄을 던졌다.,역사,train,일제 강점기
거문고는 여섯 줄을 술대라는 막대로 내리치거나 뜯어서 소리를 낸다.,문화,train,국악
역선택은 정보가 부족한 쪽이 위험이 높은 상대와 거래하게 되는 현상으로 보험 시장에서 흔히 나타난다.,경제,train,보험
람세스 2세는 카데시에서 히타이트와 싸운 뒤 평화 조약을 맺었다.,역사,train,고대 이집트
잉글랜드의 존 왕은 1215년 귀족들의 요구에 밀려 마그나 카르타를 승인했다.,역사,train,중세 유럽
"사군자는 매화, 난초, 국화, 대나무를 먹으로 그리는 문인화의 소재다.",문화,train,미술
태평양,지리,train,짧은 문장
"셰익스피어의 4대 비극은 「햄릿」, 「오셀로」, 「리어 왕」, 「맥베스」다.",문화,validation,문학
"시조는 초장, 중장, 종장의 세 장으로 이루어진 한국 고유의 정형시다.",문화,train,문학
고기압 중심에서는 공기가 내려오며 구름이 잘 생기지 않아 대체로 날씨가 맑다.,과학,train,기상
"산사, 한국의 산지승원은 일곱 사찰을 묶어 2018년 세계유산에 올랐다.",문화,train,문화유산
우랄산맥은 유럽과 아시아를 나누는 경계로 흔히 쓰인다.,지리,train,세계의 산
세계 축구를 관장하는 국제축구연맹의 본부는 스위스 취리히에 있다.,스포츠,train,축구
최저임금제는 국가가 임금의 최저 수준을 정해 사용자가 그 이상을 지급하게 하는 제도다.,경제,train,애매
세포는 모든 생물의 몸을 이루는 구조적·기능적 기본 단위이다.,과학,train,생물
잉글랜드 축구 협회는 1863년 10월 런던에서 세워졌다.,스포츠,train,축구
매듭은 끈을 여러 방식으로 엮어 노리개나 장식을 만드는 전통 공예다.,문화,train,공예
부모급여는 2023년부터 만 0~1세 아동을 키우는 부모에게 지급된다.,사회,train,복지
"계백은, 660년 황산벌에서 결사대 5천 명을 이끌고 신라군에 맞섰다.",문화,train,백제
다문화 가족의 안정된 생활을 돕는 다문화가족지원법은 2008년에 제정되었다.,사회,train,가족
2022년 카타르 월드컵에서는 반자동 오프사이드 판독 기술이 남자 월드컵 처음으로 쓰였다.,스포츠,train,축구
하회마을과 양동마을은 2010년 '한국의 역사마을'이라는 이름으로 세계유산에 올랐다.,문화,train,문화유산
동해안은 해안선이 비교적 단조롭고 가까운 바다도 깊은 편이다.,지리,validation,한국의 해안
1932년 로스앤젤레스 올림픽에서는 월드컵을 키우려는 뜻에서 축구 경기가 열리지 않았다.,스포츠,train,축구
페널티킥은 골라인에서 11미터 떨어진 페널티 마크에 공을 놓고 찬다.,스포츠,train,축구
비디오 보조 심판 제도는 2018년 러시아 월드컵에서 처음 공식 도입되었다.,스포츠,train,축구
미국은 1971년 달러를 금으로 바꿔 주는 태환을 중단했고 이로써 브레턴우즈 체제가 흔들렸다.,경제,train,경제사
자외선은 보랏빛보다 파장이 짧아 사람의 눈에는 보이지 않는 빛이다.,과학,train,광학
2022년 카타르 월드컵은 중동에서 처음 열렸고 더위를 피해 11월과 12월에 치러졌다.,스포츠,test,축구
정월 대보름에는 호두나 땅콩 같은 부럼을 깨물며 한 해 동안 부스럼이 없기를 빌었다.,문화,train,세시풍속
서해안은 밀물과 썰물의 차이가 커서 넓은 갯벌이 발달했다.,경제,train,한국의 해안
1973년 제1차 석유 파동이 일어나 국제 유가가 몇 달 사이에 크게 뛰었다.,경제,train,경제사
제주 해녀 문화는 2016년 유네스코 인류무형문화유산에 등재되었다.,문화,train,문화유산
전설에 따르면 로마는 기원전 753년 로물루스가 세웠다.,역사,train,고대 로마
리디노미네이션은 화폐의 가치는 그대로 두고 액면 단위만 일정 비율로 낮추는 조치이다.,경제,train,화폐
법의 날은 2003년부터 4월 25일로 정해 기념하고 있다.,사회,train,법
올림픽 리커브 양궁 경기는 70미터 떨어진 과녁을 향해 활을 쏜다.,스포츠,train,양궁
"고대 그리스 비극의 3대 작가는 아이스킬로스, 소포클레스, 에우리피데스다.",문화,train,연극
한국은행의 기준 금리는 정책 결정 기구인 금융통화위원회가 정한다.,경제,train,중앙은행
보령머드축제는 1998년에 시작된 갯벌 진흙을 주제로 한 여름 축제다.,문화,train,축제
1398년 이방원이 제1차 왕자의 난을 일으켜 정도전을 제거했다.,역사,train,조선 전기
교육,사회,train,짧은 문장
루이 16세는 1789년 5월 베르사유에서 삼부회를 소집했다.,역사,train,프랑스 혁명
간디는 1930년 영국의 소금 전매에 맞서 소금 행진을 이끌었다.,스포츠,train,인도
수양대군은 1453년 계유정난을 일으켜 김종서 등을 죽이고 권력을 잡았다.,역사,train,조선 전기
미나모토노 요리토모는 1192년 쇼군에 임명되어 가마쿠라 막부를 이끌었다.,역사,train,일본
복지,사회,train,짧은 문장
관세 및 무역에 관한 일반 협정(GATT)은 1947년에 맺어져 세계 무역 기구의 바탕이 되었다.,경제,validation,국제기구
카이사르는 기원전 44년 3월 15일 원로원 회의장에서 암살되었다.,역사,train,고대 로마
카롤루스 대제는 800년 로마에서 교황에게 서로마 황제의 관을 받았다.,역사,train,중세 유럽
"공주, 부여, 익산의 백제역사유적지구는 2015년 세계유산이 되었다.",문화,train,문화유산
미국 영화계의 아카데미 시상식은 1929년에 처음 열렸다.,문화,train,영화
인플레이션이 이어지면 같은 돈으로 살 수 있는 물건이 줄어 화폐의 구매력이 떨어진다.,경제,test,물가
스페인은 2010년 요하네스버그 결승에서 네덜란드를 연장 끝에 1-0으로 이기고 처음 우승했다.,스포츠,validation,축구
백두산,지리,train,짧은 문장
대한민국의 합계출산율은 2023년 0.72명까지 떨어졌다.,사회,train,인구
"테니스 게임의 점수는 0, 15, 30, 40 순서로 올라가며 0점은 러브라고 부른다.",스포츠,train,테니스
인간 게놈 프로젝트는 2003년 사람 유전체의 염기 서열 해독을 마쳤다고 발표했다.,과학,train,유전
개체군은 같은 지역에 모여 사는 같은 종 생물의 무리를 가리킨다.,과학,train,생태
그랜드 캐니언은 미국 애리조나주에서 콜로라도강이 깎아 만든 거대한 협곡이다.,지리,train,지형
기업 공개는 회사가 주식을 처음으로 일반 투자자에게 팔고 거래소에 상장하는 일이다.,경제,train,증권
"가사는, 네 음보가 길게 이어지는 형식의 시가로 조선 시대에 널리 지어졌다.",문화,train,문학
넓적다리뼈는 사람의 몸에서 가장 길고 튼튼한 뼈이다.,과학,validation,인체
알렉산드로스 대왕은 기원전 331년 가우가멜라 전투에서 다리우스 3세를 물리쳤다.,역사,train,알렉산드로스
"1871-72 시즌에 시작된 잉글랜드 FA컵은, 지금까지 이어지는 가장 오래된 축구 대회다.",스포츠,train,축구
원자 번호 92번인 우라늄은 원자력 발전소의 핵연료로 쓰인다.,과학,validation,원소
잉글랜드 의회는 1689년 권리 장전을 제정해 왕의 권한을 제한했다.,역사,validation,근세 유럽
국기원은 1972년 11월 서울에 세워진 태권도 중앙 도장이다.,스포츠,test,태권도
지구의 자전축은 공전 궤도면에 수직인 방향에서 약 23.5도 기울어 있어 계절이 생긴다.,과학,train,지구과학
가야고분군은 2023년 유네스코 세계유산으로 등재되었다.,사회,train,문화유산
지증왕은 503년 국호를 신라로 정하고 왕이라는 칭호를 처음 썼다.,역사,train,신라
초신성은 무거운 별이 일생의 끝에 폭발하면서 잠시 매우 밝게 빛나는 현상이다.,과학,train,천문
고등학교 무상교육은 2019년 2학기 3학년부터 시작해 2021년 모든 학년으로 넓어졌다.,사회,validation,교육
"테니스 4대 메이저 대회는 호주 오픈, 프랑스 오픈, 윔블던, US 오픈이다.",스포츠,train,테니스
한국은행은 2016년부터 소비자 물가 상승률 2%를 물가 안정 목표로 삼고 있다.,경제,train,중앙은행
비용 인상 인플레이션은 원자재값이나 임금 같은 생산 비용이 올라 물가가 오르는 현상이다.,경제,validation,물가
링컨 대통령은 남북 전쟁 중이던 1863년 노예 해방 선언을 발표했다.,역사,test,미국사
초전도체는 특정 온도 아래로 차가워지면 전기 저항이 완전히 사라지는 물질이다.,과학,train,물리
리베로는 수비 라인 뒤에서 빈 공간을 막다가 기회가 오면 공격에도 가담하는 수비수다.,스포츠,test,축구
한식 상차림은 밥과 국을 기본으로 여러 가지 반찬을 곁들인다.,문화,test,음식 문화
태권도는 1988년 서울 올림픽 시범 종목을 거쳐 2000년 시드니 올림픽에서 정식 종목이 되었다.,스포츠,train,태권도
"대한민국 재판은 지방법원, 고등법원, 대법원으로 이어지는 3심제를 원칙으로 한다.",사회,validation,법
판 구조론에 따르면 지구 겉면은 여러 판으로 나뉘어 있고 이 판들이 천천히 움직인다.,과학,train,지구과학
경기 순환은 경제 활동이 확장과 수축을 되풀이하며 오르내리는 현상이다.,경제,train,경제개념
2023년 1인 가구는 전체 가구의 35.5%로 가장 많은 가구 유형이었다.,사회,train,인구
바스쿠 다가마는 1498년 아프리카를 돌아 인도의 캘리컷에 도착했다.,역사,train,대항해 시대
이광수의 『무정』은 1917년 신문에 연재된 근대 장편 소설이다.,문화,train,문학
누리호는 2022년 두 번째 발사에서 성능 검증 위성을 궤도에 올리는 데 성공했다.,과학,train,우주탐사
「춘향전」은 성춘향과 이몽룡의 사랑을 다룬 판소리계 소설이다.,문화,train,문학
국립극장은 1950년 4월 서울에서 아시아 최초의 국립극장으로 문을 열었다.,문화,train,연극
국민연금의 가입 대상은 18세 이상 60세 미만의 국민이다.,사회,train,사회보험
야구는 아홉 명씩 두 팀이 공격과 수비를 번갈아 하며 보통 9회까지 점수를 겨룬다.,스포츠,train,야구
이인직의 「혈의 누」는 1906년에 발표된 신소설이다.,문화,train,문학
홍수전은 1851년 태평천국을 세우고 청나라에 맞섰다.,역사,train,근대 중국
히말라야산맥은 인도 아대륙 북쪽을 따라 동서로 길게 뻗어 있다.,지리,train,세계의 산
고흐의 「별이 빛나는 밤」은 1889년 생레미의 요양원에서 그린 작품이다.,문화,train,미술
태양 표면을 떠난 빛은 약 8분 20초가 지나야 지구에 닿는다.,과학,validation,천문
조각보는 쓰고 남은 천 조각을 이어 붙여 만든 보자기다.,문화,train,공예
소리는 매질의 진동으로 전해지는 파동이므로 공기가 없는 진공에서는 들리지 않는다.,과학,validation,물리
서로마 제국은 476년 게르만 용병 대장 오도아케르에게 멸망했다.,역사,train,로마 제국
폐의 허파 꽈리에서는 혈액과 공기 사이에 산소와 이산화탄소가 교환된다.,과학,train,인체
근대 올림픽은 1896년 그리스 아테네에서 처음 열렸다.,스포츠,train,올림픽
고려는 936년 일리천 전투에서 후백제를 무너뜨리고 후삼국을 통일했다.,역사,validation,후삼국
반구천의 암각화는 2025년 유네스코 세계유산으로 등재되었다.,문화,train,문화유산
1966년 월드컵을 앞두고 도난당한 쥘 리메 컵은 개 한 마리가 찾아냈다.,스포츠,train,축구
"2026년 월드컵은 미국, 캐나다, 멕시코가 함께 열었고 본선 참가국이 48개국으로 늘었다.",스포츠,train,축구
농구는 1936년 베를린 올림픽에서 정식 종목이 되었다.,스포츠,train,농구
규소는 반도체 소자의 기판 재료로 가장 널리 쓰이는 원소이다.,과학,train,원소
핼리 혜성은 75~76년마다 태양에 가까워지며 가장 최근의 근일점 통과는 1986년이었다.,과학,train,천문
하이퍼인플레이션은 짧은 기간에 물가가 걷잡을 수 없이 치솟는 극심한 인플레이션이다.,경제,train,물가
아마존강은 바다로 흘려보내는 물의 양이 세계에서 가장 많은 강이다.,지리,train,세계의 강
"배구 세트는 25점, 마지막 다섯째 세트는 15점을 먼저 얻고 두 점 앞서야 끝난다.",스포츠,test,배구
혈소판은 상처가 났을 때 피를 굳게 만들어 출혈을 멈추게 한다.,과학,train,인체
"건조한 공기는 부피 비율로 질소가 약 78%, 산소가 약 21%를 차지한다.",과학,train,기상
"오방색은 청, 적, 황, 백, 흑의 다섯 색으로 다섯 방위를 뜻한다.",지리,train,전통 생활
오프사이드 반칙이 선언되면 상대 팀이 그 자리에서 간접 프리킥을 찬다.,스포츠,train,축구
몽골군은 1241년 레그니차 전투에서 헨리크 2세가 이끈 폴란드 연합군을 격파했다.,역사,train,몽골 제국
한국은 1964년 연간 수출 1억 달러를 처음 넘겼고 이를 기념해 수출의 날이 생겼다.,경제,train,경제사
전통적인 연대에 따르면 고조선은 기원전 2333년에 건국되었다.,역사,train,고조선
라이트 형제는 1903년 동력 비행기로 사람이 탄 채 처음으로 지속 비행에 성공했다.,과학,train,발명
그리스 연합 함대는 기원전 480년 살라미스 해협에서 페르시아 함대를 무찔렀다.,역사,train,고대 그리스
"향가는 향찰로 적은 신라의 노래로, 오늘날 25수가 전한다.",문화,validation,문학
국가건강검진의 일반건강검진은 2년마다 한 번 받는 것을 원칙으로 한다.,사회,train,보건 의료
맑은 하늘이 파랗게 보이는 것은 파장이 짧은 파란빛이 공기 분자에 더 많이 산란되기 때문이다.,과학,validation,광학
월드컵은 제2차 세계 대전 때문에 1942년과 1946년에 열리지 못했다.,스포츠,test,축구
국민기초생활보장법은 1999년 9월에 제정되어 2000년 10월부터 시행되었다.,사회,validation,복지
"한국의 가정용 전기는 전압 220볼트, 주파수 60헤르츠의 교류를 쓴다.",과학,train,전기
올림픽 성화 봉송은 1936년 베를린 대회에서 처음 시작되었다.,스포츠,train,올림픽
살풀이춤은 흰 수건을 들고 추는 춤으로 맺힌 마음을 푸는 뜻을 담았다.,문화,test,무용
1983년 한국 프로축구 첫 시즌의 우승은 할렐루야가 차지했다.,스포츠,train,축구
스태그플레이션은 경기 침체와 물가 상승이 동시에 나타나는 상태를 말한다.,경제,train,물가
미국 남북 전쟁은 1861년에 시작되어 1865년에 끝났다.,역사,test,미국사
"지구의 자전축은, 공전 궤도면에 수직인 방향에서 약 23.5도 기울어 있어 계절이 생긴다.",역사,train,지구과학
"그린란드는, 세계에서 가장 큰 섬으로 대부분이 두꺼운 얼음에 덮여 있다.",지리,train,섬
월드 와이드 웹은 1989년 유럽 입자 물리 연구소에서 처음 제안되었다.,과학,train,발명
"대한축구협회는 1948년 국제축구연맹에, 1954년 아시아축구연맹에 가입했다.",스포츠,train,축구
영국의 넬슨 제독은 1805년 트라팔가르 해전에서 프랑스와 스페인 연합 함대를 물리쳤다.,역사,train,나폴레옹
간접 프리킥은 다른 선수가 공을 건드리지 않고 골문에 들어가면 득점이 되지 않는다.,스포츠,train,축구
반도체는 도체와 부도체 중간 정도로 전기가 통하며 불순물을 넣어 성질을 조절한다.,과학,test,전기
재정 정책은 정부가 세금과 지출을 조절해 경기를 안정시키려는 정책이다.,경제,train,재정
재보험은 보험 회사가 떠안은 위험의 일부를 다른 보험 회사에 다시 넘기는 보험이다.,경제,train,보험
대한민국 정부는 1948년 8월 15일 수립을 선포했다.,역사,train,광복 이후
국가예방접종 사업은 감염병을 막으려고 어린이에게 필수 백신을 무료로 접종한다.,과학,train,애매
진흥왕은 562년 이사부를 보내 대가야를 정복했다.,역사,validation,신라
로마는 기원전 146년 제3차 포에니 전쟁에서 카르타고를 무너뜨렸다.,역사,train,고대 로마
태종은 1413년 16세 이상 남자에게 호패를 차게 하는 호패법을 시행했다.,역사,train,조선 전기
독일은 1945년 5월 8일 연합국에 무조건 항복했다.,역사,train,제2차 세계 대전
2004년 서울 버스 개편과 함께 버스와 지하철을 갈아탈 때 적용하는 통합 환승 제도가 도입되었다.,사회,train,도시 생활
김수로왕은 42년 지금의 김해 지역에 금관가야를 세웠다고 전한다.,경제,test,가야
"기초생활보장 급여에는 생계, 의료, 주거, 교육, 해산, 장제, 자활 급여가 있다.",사회,train,복지
"혼계영은 네 선수가 배영, 평영, 접영, 자유형 순서로 이어서 헤엄친다.",역사,train,수영
공유 결합은 두 원자가 전자쌍을 함께 나누어 가지면서 생기는 화학 결합이다.,과학,validation,화학
1170년 정중부 등 무신들이 정변을 일으켜 문신을 몰아내고 권력을 잡았다.,역사,train,고려 후기
이베리아반도는 유럽 남서쪽 끝에 있으며 스페인과 포르투갈이 자리한다.,지리,train,위치
스파르타의 레오니다스 왕은 기원전 480년 테르모필레에서 페르시아군을 막다 전사했다.,역사,train,고대 그리스
필립스 곡선은 실업률과 물가 상승률 사이의 반비례 관계를 나타낸 곡선이다.,경제,train,물가
발레리나는 발끝으로 서기 위해 앞코가 단단한 토슈즈를 신는다.,문화,train,무용
구조적 실업은 산업 구조가 바뀌어 특정 기술을 가진 노동자의 일자리가 줄면서 생긴다.,경제,train,노동
노동 행정을 맡는 노동부는 2010년에 고용노동부로 이름이 바뀌었다.,사회,train,노동
농악은 풍물 악기를 치며 춤추는 공동체 연희로 2014년 인류무형문화유산이 되었다.,문화,train,문화유산
안견의 「몽유도원도」는 1447년 안평대군의 꿈 이야기를 그린 산수화다.,문화,test,미술
한국 최초의 발성 영화는 1935년에 나온 「춘향전」이다.,문화,train,영화
유전자는 특정 단백질을 만드는 정보를 담고 있는 DNA의 한 구간이다.,과학,test,유전
김치를 담그고 나누는 김장 문화는 2013년 유네스코 인류무형문화유산이 되었다.,문화,validation,음식 문화
"비디오 보조 심판은 득점, 페널티킥, 직접 퇴장, 징계 선수 착오의 네 가지 상황에만 개입한다.",스포츠,train,축구
1기압에서 순수한 물은 섭씨 100도에서 끓고 섭씨 0도에서 언다.,과학,train,화학
대한민국의 2024년 합계출산율은 0.75명으로 9년 만에 올랐다.,사회,train,인구
고려 조정은 1232년 몽골과의 장기전에 대비해 도읍을 강화도로 옮겼다.,역사,train,고려 후기
해인사 장경판전은 팔만대장경판을 보관하는 건물로 1995년 세계유산이 되었다.,문화,train,문화유산
보험은 여러 사람이 낸 보험료를 모아 두었다가 사고를 당한 사람에게 보험금을 주는 제도이다.,경제,test,보험
세계은행은 개발 도상국의 경제 개발에 필요한 자금을 장기로 빌려주는 국제 금융 기구이다.,경제,train,국제기구
생태계에서 녹색 식물은 스스로 양분을 만들어 다른 생물의 먹이가 되는 생산자이다.,과학,test,생태
"단오는 음력 5월 5일로, 창포물에 머리를 감고 그네를 뛰었다.",문화,train,세시풍속
국가예방접종 사업은 감염병을 막으려고 어린이에게 필수 백신을 무료로 접종한다.,사회,train,애매
혈압은 심장이 혈액을 밀어낼 때 혈관 벽이 받는 압력을 말한다.,과학,train,인체
"민법상 만 18세가 되면 혼인할 수 있고, 미성년자는 부모의 동의를 받아야 한다.",사회,train,가족
60세 이상 정년은 2016년 300인 이상 사업장부터 의무화되었다.,사회,train,노동
피부는 사람 몸에서 가장 큰 기관으로 체온 조절과 병원체 차단을 맡는다.,과학,train,인체
세종 때 최윤덕은 압록강 상류 지역에 4군을 설치했다.,역사,train,조선 전기
2002년 월드컵 8강에서 대한민국은 스페인과 비긴 뒤 승부차기 5-3으로 이겼다.,스포츠,train,축구
입센의 희곡 「인형의 집」은 1879년 코펜하겐에서 초연되었다.,문화,train,연극
1957년 옛 소련이 발사한 스푸트니크 1호는 인류가 처음 만든 인공위성이다.,과학,test,우주탐사
파스퇴르는 저온 살균법을 고안하고 광견병 백신을 개발했다.,과학,train,의학
1966년 월드컵 8강에서 북한은 포르투갈에 3-0으로 앞서다가 3-5로 역전패했다.,스포츠,validation,축구
조광조는 1519년 기묘사화로 유배되었다가 사약을 받았다.,역사,train,조선 전기
광합성은 식물 세포 속 엽록체에서 일어나며 엽록소가 빛을 흡수한다.,과학,train,생물
전혈 헌혈은 만 16세 이상부터 할 수 있다.,사회,test,보건 의료
정지 궤도 위성은 지구 자전과 같은 주기로 돌기 때문에 지상에서 보면 한곳에 멈춘 듯하다.,과학,train,우주탐사
오스트레일리아는 흔히 일곱 대륙 가운데 가장 작은 대륙으로 꼽힌다.,지리,validation,대륙
한국 정부는 1962년 공업화를 내건 제1차 경제 개발 5개년 계획을 시작했다.,경제,train,경제사
달항아리는 조선 후기에 만든 둥글고 큰 백자 항아리다.,문화,train,공예
한국은 여름에 덥고 습하며 겨울에 춥고 건조한 계절풍 기후가 나타난다.,지리,train,한국의 기후
빛은 성질이 다른 물질의 경계를 지날 때 진행 방향이 꺾이는데 이를 굴절이라 한다.,과학,train,광학
1930년에 설립된 국제 결제 은행은 각국 중앙은행의 협력을 돕는 기구로 스위스 바젤에 있다.,경제,test,국제기구
일본에서는 645년 다이카 개신으로 천황 중심의 정치 개혁이 시작되었다.,역사,train,일본
긴급복지지원 제도는 갑작스러운 위기에 놓인 가구를 먼저 지원하고 나중에 심사한다.,사회,train,복지
조선 왕실에서 임금에게 올리던 수라상은 12첩 반상으로 차렸다.,문화,train,음식 문화
대한민국은 2000년에 고령화사회에 들어섰고 2017년에 고령사회가 되었다.,사회,train,인구
이성계는 1392년 개경에서 왕위에 올라 조선을 세웠다.,역사,train,조선 전기
"민요는 지역에 따라 경기민요, 남도민요, 서도민요 등으로 나눈다.",문화,train,국악
공공재는 여러 사람이 함께 쓸 수 있고 값을 내지 않은 사람도 쓰지 못하게 막기 어려운 재화이다.,경제,train,경제개념
전신 마취제는 수술 중 환자가 통증을 느끼지 못하도록 의식을 잠시 잃게 하는 약이다.,과학,test,의학
국민 의회는 1789년 8월 인간과 시민의 권리 선언을 채택했다.,역사,train,프랑스 혁명
볼타는 1800년 서로 다른 금속판과 전해질을 겹쳐 쌓아 최초의 화학 전지를 만들었다.,과학,train,전기
지구는 약 45억 4천만 년 전에 만들어진 것으로 추정된다.,과학,validation,지구과학
효종은 병자호란의 치욕을 씻고자 청나라를 치는 북벌을 준비했다.,역사,test,조선 중기
청나라와 영국 사이의 제1차 아편 전쟁은 1842년 난징 조약으로 끝났다.,역사,train,명·청
제1차 세계 대전은 1918년 11월 11일 독일이 휴전 협정에 서명하며 멈추었다.,역사,test,제1차 세계 대전
"축구 경기 규칙은 경기장, 공, 선수, 오프사이드, 반칙 등을 다룬 17개 조항으로 되어 있다.",스포츠,train,축구
오륜기가 올림픽 경기장에 처음 걸린 것은 1920년 안트베르펜 대회다.,스포츠,train,올림픽
세포,과학,train,짧은 문장
상온의 공기 속에서 소리는 1초에 약 340 m를 나아간다.,과학,train,물리
서울 지하철 1호선은 1974년 8월 15일 서울역과 청량리역 사이에 개통됐다.,사회,train,도시 생활
"비빔밥은 밥 위에 여러 나물과 고기, 고추장을 얹어 비벼 먹는 음식이다.",문화,train,음식 문화
그레셤의 법칙은 흔히 '악화가 양화를 구축한다'는 말로 요약된다.,경제,test,화폐
덤핑은 수출품을 자국 시장보다 낮은 가격이나 원가 아래로 파는 행위이다.,경제,train,무역
번개는 구름 속에 쌓인 전하가 한꺼번에 방전되면서 생기는 강한 빛이다.,과학,train,기상
"기축 통화는, 국제 무역 결제와 각국의 외환 보유에 널리 쓰이는 통화를 말한다.",경제,train,화폐
삼별초는 진도를 거쳐 제주도로 옮겨 싸우다 1273년 진압되었다.,역사,validation,고려 후기
경주역사유적지구와 고창·화순·강화 고인돌 유적은 2000년 세계유산이 되었다.,문화,train,문화유산
눈의 망막에는 밝기를 느끼는 막대 세포와 색을 구별하는 원뿔 세포가 있다.,과학,test,인체
"백두산의 최고봉인 장군봉은 높이 2,744미터로 한반도에서 가장 높다.",지리,train,한국의 산
동사무소는 2007년 동 주민센터로 이름이 바뀌었다.,사회,validation,공공기관
"개인혼영은 한 선수가 접영, 배영, 평영, 자유형 순서로 모두 헤엄친다.",스포츠,train,수영
겨울잠은 추운 계절 동안 체온과 대사를 크게 낮추어 에너지를 아끼는 생존 방식이다.,과학,train,생태
아르헨티나는 1978년 자국 월드컵 결승에서 네덜란드를 연장 끝에 3-1로 꺾고 처음 우승했다.,사회,train,축구
옥타비아누스는 기원전 27년 원로원에게서 아우구스투스라는 칭호를 받았다.,역사,train,고대 로마
신문왕은 682년 유학 교육 기관인 국학을 세웠다.,역사,validation,통일 신라
담뱃갑 경고그림은 2016년 12월 23일부터 의무적으로 표시되었다.,사회,train,보건 의료
오만 원권은 2009년 6월에 처음 발행된 한국에서 액면이 가장 큰 지폐이다.,경제,test,화폐
공휴일에 관한 법률은 2021년에 제정되어 2022년 1월 1일부터 시행되었다.,사회,train,공공기관
조선축구협회는 1933년 9월에 세워져 지금의 대한축구협회로 이어졌다.,스포츠,train,축구
실질 금리는 명목 금리에서 물가 상승률을 빼서 어림한다.,경제,validation,물가
클레오파트라 7세가 죽은 뒤 이집트는 기원전 30년 로마의 속주가 되었다.,역사,train,고대 이집트
잉글랜드와 프랑스는 1337년부터 1453년까지 백년 전쟁을 벌였다.,역사,train,중세 유럽
대수의 법칙에 따라 가입자가 많을수록 보험 회사는 사고 발생률을 더 정확히 예측할 수 있다.,경제,train,보험
독일 뮌헨의 옥토버페스트는 1810년 왕실 결혼 축하 행사에서 시작됐다.,문화,validation,축제
칭기즈 칸은 1227년 서하를 정벌하던 중 세상을 떠났다.,역사,train,몽골 제국
고구려군은 645년 안시성에서 당 태종이 이끈 대군의 공격을 끝내 막아 냈다.,역사,train,고구려
한 물체가 다른 물체에 힘을 가하면 크기가 같고 방향이 반대인 힘을 되받는데 이를 작용 반작용 법칙이라 한다.,과학,train,물리
킬리만자로산은 탄자니아 북동부에 솟은 아프리카 대륙의 최고봉이다.,지리,train,세계의 산
"비발디의 「사계」는 봄, 여름, 가을, 겨울을 그린 네 개의 바이올린 협주곡이다.",문화,train,음악
"10종 경기는 이틀 동안 달리기, 도약, 던지기 열 종목의 점수를 합산해 순위를 가린다.",스포츠,train,육상
정선은 우리 산천을 직접 보고 그리는 진경산수화의 틀을 세웠다.,역사,train,미술
2002년 월드컵은 대한민국과 일본이 함께 열어 월드컵 첫 공동 개최 대회가 되었다.,스포츠,train,축구
대한민국은 2012년 런던 올림픽 남자 축구 3·4위전에서 일본을 이기고 동메달을 땄다.,스포츠,train,축구
대한 제국은 1905년 을사늑약으로 외교권을 빼앗겼다.,역사,train,대한 제국
1953년 7월 27일 판문점에서 6·25 전쟁의 정전 협정이 맺어졌다.,역사,train,광복 이후
집적 회로는 많은 트랜지스터와 소자를 작은 반도체 칩 하나에 모아 넣은 부품이다.,과학,test,발명
러시아의 표트르 대제는 1703년 발트해 연안에 상트페테르부르크를 건설했다.,역사,train,근세 유럽
2019년 6월부터 혈중알코올농도 0.03% 이상에서 운전하면 음주운전으로 처벌받는다.,사회,train,법
기축 통화는 국제 무역 결제와 각국의 외환 보유에 널리 쓰이는 통화를 말한다.,경제,validation,화폐
쿠빌라이 칸은 1271년 나라 이름을 원으로 정하고 1279년 남송을 멸망시켰다.,역사,train,몽골 제국
1602년에 세워진 암스테르담 증권 거래소는 세계에서 가장 오래된 증권 거래소로 여겨진다.,경제,train,증권
근원 물가는 날씨나 국제 정세에 따라 값이 크게 출렁이는 농산물과 석유류를 뺀 물가이다.,경제,train,물가
빅토리아 폭포는 잠베지강에 있으며 잠비아와 짐바브웨의 국경을 이룬다.,지리,train,지형
"대한민국의 학제는 초등학교 6년, 중학교 3년, 고등학교 3년, 대학교 4년을 기본으로 한다.",사회,train,교육
저출산·고령사회기본법은 2005년에 제정되었다.,사회,train,인구
대학 입학 전형은 학교생활기록부 등을 보는 수시 모집과 수능 위주의 정시 모집으로 나뉜다.,사회,test,교육
1773년 보스턴 주민들이 영국의 차 세법에 항의해 차 상자를 바다에 던졌다.,역사,train,미국사
보호 무역은 관세나 수입 규제로 국내 산업을 외국 상품과의 경쟁에서 보호하려는 정책이다.,경제,test,무역
올림픽,스포츠,train,짧은 문장
2010년 남아프리카 공화국 대회는 아프리카 대륙에서 처음 열린 월드컵이다.,스포츠,train,축구
한반도는 동쪽이 높고 서쪽이 낮은 동고서저의 지형을 이룬다.,지리,train,한반도 지형
중앙은행은 국고금을 맡아 관리하며 '정부의 은행' 역할도 한다.,경제,test,중앙은행
기회비용은 어떤 선택을 할 때 포기한 대안 가운데 가장 가치가 큰 것을 말한다.,경제,train,경제개념
"전해 오는 판소리 다섯 마당은 춘향가, 심청가, 흥보가, 수궁가, 적벽가다.",문화,train,국악
가야금은 오동나무 울림통 위에 명주실 열두 줄을 걸어 손가락으로 뜯는 악기다.,문화,train,국악
1914년 6월 28일 오스트리아 황태자 부부가 사라예보에서 암살되었다.,역사,test,제1차 세계 대전
산업재해보상보험은 1964년에 시행된 대한민국 최초의 사회보험이다.,사회,train,사회보험
백제 성왕은 554년 관산성 전투에서 신라군에게 목숨을 잃었다.,역사,validation,백제
K리그의 1부와 2부 리그는 2018년에 K리그1과 K리그2로 이름이 바뀌었다.,스포츠,train,축구
신윤복은 도시 양반과 여인들의 모습을 섬세한 선과 고운 색으로 그린 풍속화가다.,문화,train,미술
수성은 태양에 가장 가까운 행성이며 대기가 거의 없어 낮과 밤의 온도 차가 매우 크다.,과학,validation,천문
한국의 첫 자유 무역 협정은 칠레와 맺은 협정으로 2004년 4월에 발효되었다.,경제,train,무역
공급 법칙에 따르면 다른 조건이 같을 때 가격이 오르면 공급량은 늘어난다.,경제,train,경제개념
1947년 미국에서 발명된 트랜지스터는 진공관을 대신하는 작은 증폭·스위치 소자이다.,과학,train,발명
몽블랑산은 프랑스와 이탈리아 국경에 솟은 알프스산맥의 최고봉이다.,과학,validation,세계의 산
안동국제탈춤페스티벌은 1997년에 처음 열린 탈춤 축제다.,문화,train,축제
첫 공식 축구 국가대항전은 1872년 잉글랜드와 스코틀랜드가 치렀고 0-0으로 끝났다.,스포츠,train,축구
피아노는 1700년 무렵 이탈리아의 크리스토포리가 처음 만든 건반 악기다.,문화,train,음악
생산연령인구는 15세부터 64세까지의 인구를 가리킨다.,사회,train,인구
칠석은 음력 7월 7일로 견우와 직녀가 오작교에서 만난다는 전설이 전한다.,문화,train,세시풍속
1934년 이탈리아 월드컵은 처음으로 지역 예선을 거쳐 본선 진출국을 가렸다.,스포츠,train,축구
1986년 월드컵은 콜롬비아가 개최를 포기해 멕시코가 대신 열었다.,스포츠,validation,축구
법인세는 회사가 사업으로 벌어들인 소득에 매기는 세금이다.,경제,test,재정
김좌진과 홍범도 등이 이끈 독립군은 1920년 10월 청산리 일대에서 크게 이겼다.,역사,test,일제 강점기
당나라에서는 755년 안녹산과 사사명이 안사의 난을 일으켰다.,역사,train,수·당·송
어린이보호구역에서는 자동차 통행 속도를 시속 30킬로미터 이내로 제한할 수 있다.,사회,train,도시 생활
삼짇날은 음력 3월 3일로 진달래 꽃잎을 얹은 화전을 부쳐 먹었다.,문화,train,세시풍속
2019년 칸 영화제에서 한국 영화가 처음으로 황금종려상을 받았다.,경제,train,영화
바부르는 1526년 파니파트 전투에서 이기고 무굴 제국을 세웠다.,역사,validation,인도
금관가야의 마지막 왕 구형왕은 532년 가족과 함께 신라에 항복했다.,역사,train,가야
일본은 1945년 9월 2일 미주리호 함상에서 항복 문서에 서명했다.,역사,train,제2차 세계 대전
화강암은 마그마가 땅속 깊은 곳에서 천천히 식어 굳은 암석이라 광물 알갱이가 크다.,과학,train,지구과학
코스닥 시장은 1996년에 문을 연 중소·벤처 기업 중심의 주식 시장이다.,경제,train,증권
벌은 꽃에서 꽃으로 꽃가루를 옮겨 많은 식물의 수분을 돕는다.,과학,train,생태
판소리에서 노래하지 않고 말로 줄거리를 이어 가는 부분을 아니리라고 한다.,문화,train,국악
"인상주의라는 이름은 모네의 그림 「인상, 해돋이」에서 나왔다.",문화,train,미술
"야구에서 투수판과 홈 플레이트 사이의 거리는 60피트 6인치, 약 18.44미터다.",스포츠,train,야구
리카도의 비교 우위론은 각 나라가 상대적으로 유리한 상품에 특화해 교역하면 서로 이익이라고 본다.,경제,train,무역
약과는 밀가루에 꿀과 기름을 넣어 반죽한 뒤 기름에 지진 한과다.,문화,train,음식 문화
나트륨은 물과 격렬하게 반응하므로 공기와 물을 막으려고 석유 속에 넣어 보관한다.,과학,train,원소
처용무는 다섯 사람이 오방색 옷에 처용 탈을 쓰고 추는 궁중 무용이다.,문화,train,무용
"무스타파 케말은, 오스만 제국이 무너진 뒤 1923년 튀르키예 공화국을 세웠다.",역사,test,오스만 제국
지진파 가운데 P파는 S파보다 빠르며 고체와 액체를 모두 통과한다.,과학,train,지구과학
벨은 1876년 목소리를 전기 신호로 바꿔 보내는 전화기의 미국 특허를 받았다.,과학,validation,발명
의료보험은 1977년 7월 500인 이상 사업장에서 처음 시행되었다.,사회,train,사회보험
"김홍도는 「서당」, 「씨름」처럼 서민의 일상을 그린 풍속화로 이름이 높다.",문화,train,미술
대가야는 지금의 고령 지역을 중심으로 후기 가야 연맹을 이끌었다.,역사,test,가야
7월 11일 인구의 날은 2011년 법정기념일로 정해졌다.,사회,train,인구
두만강은 한반도 북동쪽 끝을 지나 동해로 흘러 들어간다.,지리,train,한국의 강
잔 다르크는 1429년 잉글랜드군에게 포위된 오를레앙을 구해 냈다.,역사,train,중세 유럽
항체는 몸에 들어온 항원에 결합해 병원체를 무력화하는 면역 단백질이다.,과학,train,의학
발해는 선왕 때 크게 번성하여 해동성국이라 불렸다.,역사,train,발해
서브프라임 모기지는 신용이 낮은 사람에게 높은 금리로 내준 미국의 주택 담보 대출을 말한다.,경제,train,금융
실직자의 생활과 재취업을 돕는 고용보험은 1995년에 시행되었다.,사회,train,사회보험
제주도는 한반도 남쪽 바다에 있는 한국에서 가장 큰 섬이다.,지리,train,한국의 섬
대한민국 임시 정부는 1940년 충칭에서 한국광복군을 창설했다.,역사,train,일제 강점기
생산자 물가 지수는 생산자가 국내 시장에 공급하는 상품과 서비스의 가격 변동을 잰다.,경제,train,물가
1917년 러시아에서는 2월 혁명으로 제정이 무너진 데 이어 10월 혁명이 일어났다.,역사,train,러시아
식혜는 엿기름을 우린 물에 밥을 삭혀 만든 달콤한 전통 음료다.,문화,train,음식 문화
2006년 베를린 결승에서 이탈리아는 프랑스와 1-1로 비긴 뒤 승부차기 5-3으로 이겼다.,스포츠,validation,축구
"곤충의 몸은 머리, 가슴, 배 세 부분으로 나뉘고 가슴에 다리 세 쌍이 달려 있다.",과학,train,생물
효종은 병자호란의 치욕을 씻고자 청나라를 치는 북벌을 준비했다.,역사,validation,조선 중기
동성동본 금혼 조항은 1997년 헌법불합치 결정을 받았고 2005년 민법 개정으로 없어졌다.,사회,test,가족
공공기관의 정보공개에 관한 법률은 1998년 1월 1일부터 시행되었다.,사회,train,법
1623년 서인 세력이 인조반정을 일으켜 광해군을 몰아냈다.,역사,train,조선 중기
고종은 1897년 대한 제국을 선포하고 황제로 즉위했다.,역사,train,근대 한국
설날에는 가래떡을 얇게 썰어 끓인 떡국을 먹는다.,문화,train,세시풍속
해상 보험은 바다를 건너는 화물과 선박의 손해를 보상하는 보험으로 역사가 매우 오래되었다.,경제,train,보험
국기원은 1972년 11월 서울에 세워진 태권도 중앙 도장이다.,스포츠,validation,태권도
대한민국의 월드컵 첫 승리는 2002년 부산에서 폴란드를 2-0으로 꺾은 경기다.,스포츠,train,축구
2008년부터 부모가 혼인신고 때 합의하면 자녀가 어머니의 성과 본을 따를 수 있다.,사회,train,가족
"한식은 동지에서 105일째 되는 날로, 불을 피우지 않고 찬 음식을 먹었다.",문화,train,세시풍속
한국의 경제 활동 인구는 만 15세 이상 인구 가운데 취업자와 실업자를 합한 것이다.,경제,test,노동
한지는 닥나무 껍질의 섬유로 떠서 만든 한국 전통 종이다.,문화,train,공예
중앙은행은 시중 은행에 돈을 빌려주고 예금을 받는 '은행의 은행' 역할을 한다.,경제,train,중앙은행
"수소 이온 농도 지수 pH가 7이면 중성이고, 7보다 작으면 산성, 크면 염기성이다.",과학,train,화학
1923년 독일에서는 물가가 하루가 다르게 치솟는 극심한 하이퍼인플레이션이 일어났다.,경제,train,경제사
메이먼은 1960년 루비 결정을 이용해 처음으로 레이저를 작동시켰다.,과학,test,발명
베게너는 1912년 대륙들이 원래 하나였다가 갈라져 이동했다는 대륙 이동설을 내놓았다.,과학,train,지구과학
해금은 두 줄 사이에 활대를 끼우고 문질러 소리를 내는 전통 현악기다.,문화,test,국악
농구 골대의 링은 바닥에서 3.05미터 높이에 달려 있다.,스포츠,train,농구
광섬유는 빛이 유리 섬유 안쪽 경계에서 전반사를 되풀이하며 멀리 전달되는 원리를 이용한다.,과학,train,광학
재정 적자는 한 해 동안 정부의 지출이 수입보다 많은 상태를 말한다.,경제,train,재정
절대 영도는 섭씨 영하 273.15도로 이론상 도달할 수 있는 가장 낮은 온도이다.,과학,train,물리
헌법재판소는 1988년 9월 1일에 설립되었다.,사회,train,법
공이 패스될 때 공격수가 공과 뒤에서 둘째 수비수보다 골라인에 가까우면 오프사이드 위치다.,스포츠,train,축구
고구려 장수 출신인 대조영은 698년 동모산에서 발해를 세웠다.,역사,test,발해
성층권에 있는 오존층은 태양의 자외선을 흡수해 지상의 생물을 보호한다.,과학,train,기상
"세르반테스의 소설 『돈키호테』는 1605년에 1부, 1615년에 2부가 나왔다.",문화,train,문학
가곡은 관현악 반주에 맞춰 시조 시를 노래하는 전통 성악으로 2010년 인류무형문화유산이 되었다.,문화,train,국악
윔블던 테니스 대회는 1877년에 시작되었다.,스포츠,train,테니스
투명 페트병은 2020년 12월부터 공동주택에서 따로 분리배출하게 되었다.,사회,train,도시 생활
1966년 월드컵을 앞두고 도난당한 쥘 리메 컵은 개 한 마리가 찾아냈다.,스포츠,train,축구
K리그는 2013년 1부와 2부 리그 사이에 승강제를 도입했다.,스포츠,train,축구
조선과 청은 1712년 백두산에 정계비를 세워 두 나라의 경계를 정했다.,역사,train,조선 후기
노르웨이 서해안에는 빙하가 깎은 골짜기에 바닷물이 들어온 피오르가 많다.,지리,train,지형
여몽 연합군은 1274년과 1281년 두 차례 일본 원정에 나섰으나 실패했다.,역사,train,일본
"축구의 정규 경기 시간은 전반과 후반 각 45분이며, 하프타임 휴식은 15분을 넘을 수 없다.",스포츠,validation,축구
2008년 도입된 친양자 제도는 입양된 자녀를 법적으로 친생자와 같이 대우한다.,사회,train,가족
희소성은 사람의 욕구에 비해 이를 채울 자원이 모자란 상태를 말한다.,경제,test,경제개념
"셰익스피어의 4대 비극은 「햄릿」, 「오셀로」, 「리어 왕」, 「맥베스」다.",문화,train,문학
지구와 태양 사이의 평균 거리는 약 1억 5천만 km이며 이를 1천문단위라고 한다.,과학,train,천문
1789년 7월 14일 파리 시민들이 바스티유 감옥을 습격했다.,역사,test,프랑스 혁명
국민연금 사업장 가입자의 보험료는 근로자와 사용자가 절반씩 나누어 낸다.,경제,train,애매
광주비엔날레는 1995년에 시작된 국제 미술 전시 행사다.,문화,train,축제
대학수학능력시험에서 한국사는 2017학년도부터 필수 영역이 되었다.,사회,train,교육
에르난 코르테스는 1521년 아스테카 제국의 수도 테노치티틀란을 점령했다.,역사,train,대항해 시대
