제목,본문,종류
영수증·증빙 FAQ,"Q. 카드 매출전표는 어디서 출력하나요?
A. 마이페이지 주문 상세 화면에서 [영수증]을 누르면 카드 매출전표를 보고 출력할 수 있습니다.

Q. 현금영수증은 어떻게 받나요?
A. 계좌이체나 무통장입금으로 결제할 때 휴대전화 번호나 현금영수증 카드 번호를 적으면 자동으로 발급됩니다. 적립금으로 낸 금액은 발급 대상이 아닙니다.

Q. 결제할 때 현금영수증을 신청하지 못했어요.
A. 결제한 달의 다음 달 10일까지 마이페이지에서 따로 신청할 수 있습니다.

Q. 세금계산서는 누가 받을 수 있나요?
A. 사업자 회원이 계좌이체나 무통장입금으로 결제한 주문에만 발급합니다. 카드로 결제한 주문은 카드 매출전표가 증빙이 됩니다.

Q. 거래명세서도 받을 수 있나요?
A. 주문 상세 화면의 [거래명세서]를 누르면 품목과 수량, 금액이 적힌 명세서를 PDF 파일로 받을 수 있습니다.

Q. 입점 판매자 상품의 영수증은 누가 발급하나요?
A. 판매자 상품의 현금영수증과 세금계산서는 판매자가 발급합니다. 판매자가 5영업일이 지나도 발급하지 않으면 1:1 문의로 알려 주세요.

달라마켓 고객센터는 평일 오전 9시부터 오후 6시까지 운영한다.",FAQ
설치 상품 FAQ,"Q. 설치 상품은 어떻게 배송되나요?
A. 냉장고, 세탁기, 침대처럼 설치가 필요한 상품은 설치 기사가 직접 가져가 설치해 드립니다. 택배와 달리 받을 날짜를 미리 정합니다.

Q. 설치 날짜는 언제 정하나요?
A. 주문 후 2영업일 안에 설치 기사가 전화를 드려 날짜와 시간을 정합니다. 원하는 날짜가 있으면 주문서의 요청 사항에 적어 주세요.

Q. 사다리차가 필요하면 어떻게 하나요?
A. 엘리베이터로 옮길 수 없는 상품은 사다리차가 필요하며, 그 비용은 고객님이 부담합니다. 필요 여부는 설치 기사가 날짜를 정할 때 함께 확인합니다.

Q. 쓰던 제품도 가져가 주나요?
A. 새로 산 상품과 같은 종류의 제품 1대는 무료로 가져갑니다. 원하시면 주문서에서 [기존 제품 수거]를 골라 주세요.

Q. 설치한 뒤에도 반품할 수 있나요?
A. 설치를 마친 상품은 단순 변심으로 반품할 수 없습니다. 설치 전이라면 받은 날부터 7일 안에 반품할 수 있으며, 왕복 운송비는 상품마다 정해진 금액을 냅니다.

Q. 설치하다가 벽이나 바닥이 상했어요.
A. 설치 과정에서 생긴 손상은 설치 업체가 고치거나 보상합니다. 설치한 날 사진을 찍어 1:1 문의에 올려 주세요.

달라마켓 고객센터는 평일 오전 9시부터 오후 6시까지 운영한다.",FAQ
상품권 FAQ,"Q. 달라마켓 상품권에는 어떤 금액이 있나요?
A. 10,000원, 30,000원, 50,000원, 100,000원짜리 모바일 상품권이 있으며, 받는 분의 휴대전화 번호만 알면 보낼 수 있습니다.

Q. 상품권은 어떻게 쓰나요?
A. 마이페이지 [상품권 등록]에 번호를 넣으면 금액이 상품권 잔액으로 들어갑니다. 결제할 때 잔액을 원하는 만큼 나누어 쓸 수 있습니다.

Q. 상품권 유효기간은 얼마인가요?
A. 발행일부터 5년 동안 등록할 수 있고, 등록해 둔 잔액도 발행일부터 5년 안에 써야 합니다.

Q. 쓰고 남은 잔액을 돌려받을 수 있나요?
A. 10,000원을 넘는 상품권은 60% 이상, 10,000원 이하 상품권은 80% 이상 쓴 경우에 남은 금액을 환불해 드립니다.

Q. 산 상품권을 취소할 수 있나요?
A. 등록하지 않은 상품권은 산 날부터 7일 안에 전액 취소할 수 있습니다. 7일이 지나면 산 금액의 90%를 돌려드립니다.

Q. 상품권 잔액으로 산 상품을 반품하면요?
A. 상품권 잔액으로 낸 금액은 반품이 끝나는 즉시 잔액으로 다시 들어갑니다.

Q. 상품권 잔액으로 다른 상품권을 살 수 있나요?
A. 상품권 잔액으로는 상품권을 살 수 없습니다.

달라마켓 고객센터는 평일 오전 9시부터 오후 6시까지 운영한다.",FAQ
정보보안 규정,"제1장 총칙
제1조(목적) 이 규정은 회사의 정보 자산을 유출, 훼손, 무단 사용에서 지키려고 임직원이 따라야 할 보안 기준을 정한다.
제2조(적용 범위) 이 규정은 임직원뿐 아니라 회사 시스템에 접속하는 협력사 직원과 파견 인력에게도 적용한다.
제3조(정보 자산) ""정보 자산""이란 회사가 소유하거나 관리하는 문서, 전자 파일, 소스 코드, 서버, 노트북, 휴대용 저장 장치, 클라우드 계정을 말한다.
제4조(보안 조직) ① 정보보안 업무는 정보보안팀이 총괄한다. ② 부서장은 자기 부서의 보안 책임자가 되며, 팀마다 보안 담당자 1명을 지정하여 정보보안팀에 알린다.
제2장 정보 등급
제5조(등급 분류) 회사 정보는 다음 세 등급으로 나눈다.
1. 대외비: 경영 계획, 인사 정보, 계약 조건처럼 유출되면 회사에 큰 손해가 생기는 정보
2. 사내 한정: 업무 매뉴얼, 회의록처럼 임직원만 보아야 하는 정보
3. 공개: 보도자료나 누리집 안내문처럼 이미 외부에 알린 정보
제6조(등급 표시) 대외비 문서는 첫 쪽 오른쪽 위에 ""대외비""라고 적고, 대외비 전자 파일은 파일 이름 앞에 [대외비]를 붙인다.
제7조(대외비 취급) ① 대외비 정보의 열람 권한은 업무상 꼭 필요한 사람에게만 준다. ② 대외비 문서를 인쇄했으면 출력물을 바로 가져가고, 쓸모가 없어지면 문서 세단기로 없앤다. ③ 대외비 정보를 회사 밖으로 보내려면 본부장의 승인을 받고 암호를 건 파일로 보낸다.
제3장 계정과 접근 관리
제8조(계정 발급) 신규 입사자의 업무 계정은 인사팀의 입사 확정 통보를 받은 정보보안팀이 입사일 전날까지 만든다.
제9조(비밀번호) ① 비밀번호는 영문 대소문자, 숫자, 특수문자를 섞어 12자 이상으로 정한다. ② 비밀번호는 90일마다 바꾸며, 최근에 쓴 3개는 다시 쓸 수 없다. ③ 비밀번호를 5번 틀리면 계정이 30분 동안 잠긴다.
제10조(2단계 인증) 사내 메일, 인사 시스템, 경비 시스템, 원격 접속에는 반드시 2단계 인증을 쓴다.
제11조(권한 변경과 회수) ① 부서를 옮긴 직원이 이전 부서에서 쓰던 권한은 발령일에 거둬들인다. ② 퇴직자 계정은 퇴직일 오후 6시에 잠그고 30일 뒤에 지운다.
제12조(권한 점검) 정보보안팀은 분기마다 시스템별 접근 권한 목록을 부서장에게 보내고, 부서장은 10영업일 안에 필요 없는 권한을 표시하여 돌려보낸다.
제4장 단말기와 저장 매체
제13조(업무용 기기) ① 업무는 회사가 지급한 노트북에서만 한다. ② 지급 노트북에는 디스크 암호화, 백신, 10분 뒤 자동 화면 잠금을 켜 두며, 직원이 이 설정을 끌 수 없다.
제14조(개인 기기) 개인 휴대전화로 사내 메일과 메신저를 쓰려면 회사가 지정한 모바일 관리 앱을 깔아야 한다.
제15조(휴대용 저장 장치) USB 메모리 같은 휴대용 저장 장치는 기본으로 막혀 있다. 꼭 써야 하면 부서장 승인을 받아 정보보안팀에 최대 30일 동안의 사용 허용을 신청한다.
제16조(소프트웨어 설치) 직원은 회사가 허용한 목록에 없는 소프트웨어를 설치하지 않는다. 목록에 없는 프로그램이 필요하면 정보보안팀에 검토를 요청하고, 정보보안팀은 5영업일 안에 결과를 알린다.
제17조(분실 신고) 업무용 기기나 출입증을 잃어버리면 알게 된 때부터 1시간 안에 정보보안팀에 신고한다. 정보보안팀은 원격으로 그 기기를 잠그고 저장된 자료를 지운다.
제18조(방문객 출입) 방문객은 안내 데스크에서 방문증을 받고 직원과 함께 있을 때에만 사무 공간에 들어올 수 있으며, 방문 기록은 1년 동안 보관한다.
제19조(퇴근 시 정리) 직원은 퇴근할 때 대외비 문서를 잠금 서랍에 넣고, 노트북은 가져가거나 잠금 보관함에 둔다.
제5장 네트워크와 외부 서비스
제20조(외부 접속) 사무실 밖에서 사내 시스템에 접속할 때에는 회사 가상사설망(VPN)만 쓰며, 공용 와이파이에서는 VPN을 켠 뒤에만 업무를 한다.
제21조(외부 저장소 금지) 회사 자료를 개인 이메일, 개인 클라우드 저장소, 승인받지 않은 번역·요약 서비스에 올리지 않는다.
제22조(생성형 AI 사용) 생성형 AI 서비스에는 공개 등급 정보만 넣을 수 있으며, 고객 정보와 대외비 정보는 넣지 않는다.
제23조(사내 메일 사용) 외부로 보내는 메일에 첨부 파일이 10MB를 넘으면 회사 대용량 파일 전송 서비스를 쓰고, 내려받기 기한은 7일로 둔다.
제6장 사고 대응과 점검
제24조(보안 사고 신고) 악성 메일을 열었거나 정보 유출이 의심되면 곧바로 정보보안팀 긴급 번호로 알리고, 그 기기를 네트워크에서 떼어 놓는다.
제25조(사고 처리) 정보보안팀은 신고를 받은 뒤 24시간 안에 1차 조사 결과를 경영지원본부장에게 보고한다. 개인정보가 관련된 사고이면 개인정보 처리 규정의 절차도 함께 따른다.
제26조(모의 훈련) 정보보안팀은 반기마다 악성 메일 모의 훈련을 하며, 두 번 잇달아 훈련 메일의 첨부 파일을 연 직원은 보충 교육 1시간을 받는다.
제27조(보안 교육) 모든 임직원은 매년 정보보안 교육 2시간을 들어야 하며, 신규 입사자는 입사 후 14일 안에 듣는다.
제28조(책상 점검) 정보보안팀은 매월 마지막 금요일 퇴근 시간 뒤에 사무실을 돌며 책상 위에 둔 문서, 잠그지 않은 노트북, 모니터에 붙인 비밀번호 메모를 확인하고 그 결과를 부서장에게 알린다.
제29조(위반 처리) 이 규정을 어긴 직원은 위반 정도에 따라 포상 및 징계 규정에 따른 징계를 받을 수 있다.
부칙
제1조(시행일) 이 규정은 2023년 4월 1일부터 시행한다.

달라 주식회사 인사팀 · 문의 hr@example.com · 02-0000-0000",규정
사내 동호회 지원 규정,"제1조(목적) 이 규정은 직원이 스스로 만드는 사내 동호회의 등록 기준과 활동비 지원을 정한다.
제2조(등록 요건) 동호회는 회원이 10명 이상이고 두 개 이상 부서의 직원이 함께 있어야 등록할 수 있다.
제3조(등록 절차) 동호회를 만들려는 직원은 회칙, 회원 명단, 1년 활동 계획을 총무팀에 낸다. 총무팀은 매년 3월과 9월에 신청을 모아 등록 여부를 정한다.
제4조(운영진) 동호회는 회원 가운데 회장과 총무를 1명씩 뽑아 총무팀에 알리며, 운영진의 임기는 1년이다.
제5조(회원 모집) 등록된 동호회는 1년에 두 번까지 사내 게시판에 회원 모집 글을 올릴 수 있다.
제6조(활동비) 회사는 회원 한 사람당 월 20,000원을 활동비로 지원하며, 동호회 하나가 받는 금액은 월 500,000원을 넘지 않는다.
제7조(가입 수 제한) 직원 한 사람은 활동비를 받는 동호회에 두 개까지만 가입한다.
제8조(사용 범위) 활동비는 장소 대여료, 강사료, 장비 구입비, 대회 참가비에 쓰며, 술값과 회원 개인에게 주는 선물에는 쓰지 않는다.
제9조(정산) 동호회 총무는 분기가 끝난 다음 달 10일까지 활동 보고서와 영수증을 총무팀에 낸다.
제10조(남은 활동비) 분기 안에 쓰지 못한 활동비는 다음 분기로 넘기지 않고 회사에 돌려준다.
제11조(발표 지원) 창립기념일 행사에서 활동 내용을 발표한 동호회에는 그해에 한 번 200,000원을 더 지원한다.
제12조(활동 시간) 동호회 활동은 근무시간이 끝난 뒤나 휴일에 한다.
제13조(안전) 등산이나 자전거처럼 다칠 위험이 있는 활동을 하는 동호회는 회원 모두가 가입하는 단체 활동 보험의 보험료를 활동비로 낼 수 있다.
제14조(등록 취소) 6개월 동안 활동 실적이 없거나, 회원이 10명보다 적은 상태가 3개월 이어지면 등록을 취소한다.
부칙
제1조(시행일) 이 규정은 2023년 5월 1일부터 시행한다.

달라 주식회사 인사팀 · 문의 hr@example.com · 02-0000-0000",규정
배송 FAQ,"Q. 주문한 상품은 언제 출고되나요?
A. 평일 오후 2시 전에 결제를 마친 주문은 그날 출고합니다. 오후 2시 이후나 주말, 공휴일에 결제한 주문은 다음 영업일에 출고합니다.

Q. 출고된 뒤 받기까지 며칠이 걸리나요?
A. 대부분 출고 다음 날부터 1~2영업일 안에 도착합니다. 명절 직전이나 폭설처럼 날씨가 나쁜 때에는 하루 이틀 더 걸릴 수 있습니다.

Q. 배송비는 얼마인가요?
A. 한 번에 30,000원 이상 주문하면 배송비가 없고, 그보다 적으면 3,000원을 받습니다. 입점 판매자 상품은 판매자마다 배송비 기준이 달라 상품 화면에 따로 적어 둡니다.

Q. 제주나 섬 지역도 받을 수 있나요?
A. 받을 수 있습니다. 제주는 3,000원, 그 밖의 도서산간 지역은 5,000원의 추가 배송비가 붙고, 배편 사정에 따라 1~3일 더 걸립니다.

Q. 배송 상황은 어디서 확인하나요?
A. 마이페이지 주문 내역에서 주문을 누르면 송장 번호와 지금 위치를 볼 수 있습니다. 상품이 출고되면 송장 번호를 알림 문자로도 보내 드립니다.

Q. 안내받은 날보다 배송이 많이 늦어지면 어떻게 되나요?
A. 달라마켓 사정으로 안내한 도착일보다 3영업일 넘게 늦어지면 적립금 3,000원을 드립니다. 따로 신청하지 않아도 배송 완료 다음 날 자동으로 들어갑니다.

Q. 한 번에 주문한 상품이 따로따로 왔어요.
A. 보관 창고가 다른 상품은 나누어 출고됩니다. 달라마켓이 직접 파는 상품은 나누어 보내더라도 배송비를 한 번만 받습니다.

달라마켓 고객센터는 평일 오전 9시부터 오후 6시까지 운영한다.",FAQ
A/S·품질 보증 FAQ,"Q. 산 상품이 고장 났어요. 수리는 어디에 맡기나요?
A. 제조사 상품은 제조사 서비스 센터에서 수리받으며, 연락처는 상품 화면의 [A/S 안내]에 있습니다. 달라마켓 자체 상품인 '달라 베이직'은 달라마켓이 직접 수리를 접수합니다.

Q. 달라 베이직 상품의 보증 기간은 얼마인가요?
A. 받은 날부터 1년 동안 정상적으로 쓰다가 생긴 고장은 무료로 수리합니다.

Q. 달라 베이직 수리는 어떻게 신청하나요?
A. 마이페이지 주문 상세 화면에서 [수리 신청]을 누르고 고장 증상과 사진을 올려 주세요. 택배 기사가 상품을 가져가며, 수리 기간은 보통 7~14영업일입니다.

Q. 보증 기간이 지나면 어떻게 되나요?
A. 보증 기간이 지난 뒤에는 부품값과 수리비를 받으며, 수리하기 전에 예상 비용을 먼저 알려 드립니다. 비용을 듣고 수리를 원하지 않으시면 왕복 배송비 6,000원만 받고 돌려드립니다.

Q. 같은 고장이 되풀이돼요.
A. 보증 기간 안에 같은 고장으로 세 번째 수리를 신청하면 새 상품으로 바꾸거나 환불해 드립니다.

Q. 받자마자 불량인데 수리를 받아야 하나요?
A. 받은 날부터 3개월 안에 발견한 불량은 수리 대신 교환이나 반품을 먼저 신청할 수 있습니다.

달라마켓 고객센터는 평일 오전 9시부터 오후 6시까지 운영한다.",FAQ
육아지원 규정,"제1조(목적) 이 규정은 임신, 출산, 육아 중인 직원을 돕는 휴가, 휴직, 근로시간 단축의 기준을 정한다.
제2조(임신 중 근로시간 단축) 임신 12주 안이거나 32주가 지난 직원은 하루 2시간 근로시간을 줄일 수 있으며, 줄인 시간만큼 임금을 깎지 않는다.
제3조(태아 검진) 임신 중인 직원이 정기 검진을 받는 데 드는 시간은 유급으로 인정한다.
제4조(출산전후휴가) ① 출산한 직원에게는 출산 전후를 합하여 90일(한 번에 둘 이상 낳으면 120일)의 휴가를 주며, 출산 뒤에 45일 이상이 되도록 나눈다. ② 휴가 가운데 처음 60일은 회사가 통상임금을 준다.
제5조(배우자 출산) 배우자가 출산한 직원의 휴가는 휴가 규정의 경조휴가에 따른다.
제6조(육아휴직) ① 만 8세 이하 자녀를 둔 직원은 자녀 한 명에 1년까지 육아휴직을 할 수 있고, 두 번으로 나누어 쓸 수 있다. ② 육아휴직은 시작일 30일 전까지 신청한다.
제7조(육아 지원금) 회사는 육아휴직 첫 3개월 동안 월 300,000원의 육아 지원금을 준다. 고용보험의 육아휴직 급여는 직원이 직접 신청한다.
제8조(육아기 근로시간 단축) ① 만 8세 이하 자녀를 둔 직원은 1주 15시간 이상 35시간 이하로 근로시간을 줄일 수 있다. ② 단축 기간은 1년이고, 쓰지 않은 육아휴직 기간만큼 더 늘릴 수 있다. ③ 임금은 줄어든 근로시간에 비례하여 준다.
제9조(수유 시간) 만 1세 미만 자녀를 둔 직원에게는 하루 두 번, 한 번에 30분씩 유급 수유 시간을 준다.
제10조(초등 입학기) 초등학교에 들어가는 자녀를 둔 직원은 그해 3월 한 달 동안 출근 시각을 오전 10시까지 늦출 수 있고, 퇴근 시각도 그만큼 늦춘다.
제11조(휴직 중 연락) 회사는 육아휴직 중인 직원에게 업무 연락을 하지 않으며, 제도 변경 같은 안내는 이메일로만 보낸다.
제12조(재택근무) 임신 중이거나 만 8세 이하 자녀를 둔 직원의 재택근무 일수는 재택근무 규정에서 정한다.
제13조(복귀 지원) 육아휴직에서 돌아온 직원은 첫 2주 동안 오후 4시에 퇴근하며, 그 시간도 근무한 것으로 본다. 부서장은 복귀 첫 주에 면담을 한다.
제14조(불이익 금지) 이 규정의 제도를 썼다는 이유로 평가, 승진, 배치에서 불리하게 대하지 않는다.
부칙
제1조(시행일) 이 규정은 2024년 3월 1일부터 시행한다.

달라 주식회사 인사팀 · 문의 hr@example.com · 02-0000-0000",규정
회원 가입·탈퇴 FAQ,"Q. 회원 가입은 어떻게 하나요?
A. 누리집이나 앱에서 [회원 가입]을 누르고 이름, 휴대전화 번호, 이메일, 비밀번호를 적은 뒤 휴대전화 인증을 마치면 됩니다. 생년월일과 성별은 적지 않아도 됩니다.

Q. 가입 나이 제한이 있나요?
A. 만 14세 이상만 가입할 수 있습니다.

Q. 가입하면 어떤 혜택이 있나요?
A. 가입하자마자 10% 할인 쿠폰(최대 5,000원)을 드립니다. 이 쿠폰은 20,000원 이상 살 때 가입일부터 30일 동안 쓸 수 있습니다.

Q. 휴대전화 번호가 바뀌었어요.
A. 마이페이지 [회원 정보 수정]에서 새 번호로 인증하면 바뀝니다. 예전 번호를 쓸 수 없어도 새 번호 인증만으로 고칠 수 있습니다.

Q. 오래 로그인하지 않으면 어떻게 되나요?
A. 1년 동안 로그인하지 않으면 회원 정보를 따로 떼어 보관하는 휴면 상태가 됩니다. 휴면 30일 전에 이메일로 알려 드리며, 휴면이 된 뒤에도 로그인하고 본인 인증을 하면 바로 풀립니다.

Q. 탈퇴하면 적립금과 쿠폰은 어떻게 되나요?
A. 탈퇴하는 순간 남은 적립금, 쿠폰, 회원 등급이 모두 없어지고 되살릴 수 없습니다. 상품권 잔액이 있다면 탈퇴하기 전에 환불을 신청해 주세요.

Q. 탈퇴한 뒤 다시 가입할 수 있나요?
A. 같은 휴대전화 번호로는 탈퇴일부터 30일이 지나야 다시 가입할 수 있습니다. 진행 중인 주문이나 반품이 있으면 모두 끝난 뒤에 탈퇴할 수 있습니다.

달라마켓 고객센터는 평일 오전 9시부터 오후 6시까지 운영한다.",FAQ
적립금 FAQ,"Q. 적립금은 언제 쌓이나요?
A. 구매를 확정하면 회원 등급에 맞는 비율로 쌓입니다. 직접 확정하지 않아도 배송 완료 7일 뒤에 자동으로 확정됩니다.

Q. 적립금은 어떻게 쓰나요?
A. 1,000원 이상 모이면 결제 화면에서 10원 단위로 쓸 수 있고, 한 주문에 상품 금액의 50%까지 쓸 수 있습니다.

Q. 적립금에도 유효기간이 있나요?
A. 적립된 날부터 1년 동안 쓸 수 있으며, 먼저 쌓인 적립금부터 빠져나갑니다. 없어지기 30일 전에 이메일로 알려 드립니다.

Q. 리뷰를 쓰면 적립금을 받나요?
A. 구매 확정한 상품에 글 리뷰를 쓰면 100원, 사진 리뷰를 쓰면 500원을 드립니다. 한 상품에 한 번만 드리며, 운영 기준에 맞지 않아 지워진 리뷰의 적립금은 회수합니다.

Q. 반품하면 받은 적립금은 어떻게 되나요?
A. 반품한 상품으로 쌓인 적립금은 회수합니다. 이미 써 버려 남은 적립금이 모자라면 모자란 금액을 환불 금액에서 뺍니다.

Q. 적립금을 현금으로 바꿀 수 있나요?
A. 적립금은 달라마켓에서 물건을 살 때에만 쓸 수 있고, 현금으로 바꾸거나 다른 회원에게 넘길 수 없습니다.

달라마켓 고객센터는 평일 오전 9시부터 오후 6시까지 운영한다.",FAQ
앱 이용 FAQ,"Q. 달라마켓 앱은 어디서 내려받나요?
A. 휴대전화의 앱 마켓에서 '달라마켓'을 찾아 설치하면 됩니다. 앱은 무료이고, 누리집과 같은 계정으로 로그인합니다.

Q. 앱에서만 받는 혜택이 있나요?
A. 앱으로 처음 로그인하면 3,000원 할인 쿠폰을 드리고, 매주 수요일에는 앱 전용 할인 상품을 올립니다.

Q. 앱 알림을 끄고 싶어요.
A. 앱의 [설정]에서 주문·배송 알림과 혜택 알림을 따로 켜고 끌 수 있습니다. 주문·배송 알림을 꺼도 결제와 관련된 중요한 안내는 문자로 보내 드립니다.

Q. 매번 로그인하지 않고 쓰고 싶어요.
A. 로그인 화면에서 [자동 로그인]을 고르면 30일 동안 다시 로그인하지 않아도 됩니다. 여러 사람이 함께 쓰는 기기에서는 켜지 마세요.

Q. 앱이 자꾸 멈춰요.
A. 앱을 최신 버전으로 업데이트하고 휴대전화를 다시 켜 보세요. 그래도 멈추면 [설정]의 [오류 보고]로 기기 정보와 함께 알려 주세요.

Q. 오래된 휴대전화에서도 쓸 수 있나요?
A. 앱은 휴대전화 운영체제의 최신 버전과 그보다 두 단계 앞선 버전까지 지원합니다. 지원하지 않는 기기에서는 모바일 누리집을 이용해 주세요.

달라마켓 고객센터는 평일 오전 9시부터 오후 6시까지 운영한다.",FAQ
교환 FAQ,"Q. 어떤 교환이 가능한가요?
A. 같은 상품의 다른 색상이나 크기로만 바꿀 수 있습니다. 다른 상품을 원하시면 반품한 뒤 새로 주문해 주세요.

Q. 교환은 언제까지 신청하나요?
A. 마음이 바뀌어 옵션을 바꾸려면 상품을 받은 날부터 7일 안에 신청합니다. 불량 상품은 받은 날부터 3개월 안에 같은 상품으로 바꿔 드립니다.

Q. 교환 배송비는 얼마인가요?
A. 색상이나 크기를 바꾸고 싶어서 하는 교환은 왕복 배송비 6,000원이 듭니다. 교환 신청 화면에서 카드나 적립금으로 결제합니다.

Q. 바꾸려는 옵션이 품절이면 어떻게 하나요?
A. 교환할 재고가 없으면 담당자가 연락드린 뒤 반품으로 바꾸어 처리합니다. 이때 이미 내신 왕복 배송비 가운데 3,000원은 돌려드립니다.

Q. 교환 상품은 언제 받을 수 있나요?
A. 보내 주신 상품이 물류센터에 도착해 검수를 마치면 그날이나 다음 영업일에 새 상품을 출고합니다. 신청일부터 보통 5~7영업일 걸립니다.

Q. 새 상품을 먼저 받을 수는 없나요?
A. 골드 등급 이상 회원은 [빠른 교환]을 고르면 회수 전에 새 상품을 먼저 보내 드립니다. 새 상품을 받은 날부터 7일 안에 원래 상품이 회수되지 않으면 새 상품 값을 결제 수단으로 청구합니다.

달라마켓 고객센터는 평일 오전 9시부터 오후 6시까지 운영한다.",FAQ
차량 운행 규정,"제1조(목적) 이 규정은 회사가 가진 업무용 차량의 예약, 운행, 관리, 사고 처리 기준을 정한다.
제2조(관리 부서) 업무용 차량은 총무팀이 관리하며, 차량마다 운행 일지와 정비 기록을 둔다.
제3조(운전 자격) 회사 차량은 운전면허를 딴 지 1년이 지났고 총무팀의 안전 운전 교육 1시간을 마친 직원만 운전한다.
제4조(예약) ① 차량은 쓰기 2영업일 전까지 사내 예약 시스템에서 예약한다. ② 한 번에 예약할 수 있는 기간은 최대 3일이며, 더 길게 쓰려면 총무팀장의 승인을 받는다.
제5조(열쇠 수령과 반납) 열쇠는 총무팀에서 받고, 운행을 마치면 그날 오후 7시까지 돌려준다. 늦게 돌아오면 사무실 열쇠함에 넣는다.
제6조(운행 일지) 운전자는 출발과 도착 때의 주행 거리계 숫자, 목적지, 주유 여부를 운행 일지에 적는다.
제7조(주유) 주유는 차량에 둔 주유 카드로 하며, 연료가 4분의 1보다 적게 남았으면 반납하기 전에 채운다.
제8조(금지 사항) 운전자는 다음 행위를 하지 않는다.
1. 업무와 관계없는 곳에 가거나 출퇴근에 쓰는 일(총무팀이 허락한 이른 아침 출장은 뺀다)
2. 차 안에서 담배를 피우는 일
3. 직원이 아닌 사람을 태우는 일(함께 가는 거래처 사람은 뺀다)
제9조(과태료) 운행 중에 생긴 과태료와 범칙금은 운전한 직원이 낸다.
제10조(사고 처리) ① 사고가 나면 먼저 다친 사람을 돕고, 보험사와 총무팀에 곧바로 알린다. ② 보험으로 처리되지 않는 수리비는 회사가 부담하되, 음주 운전이나 중대한 법규 위반으로 난 사고이면 운전자가 부담한다.
제11조(정비) 총무팀은 차량마다 5,000km를 달리거나 6개월이 지나면 정기 점검을 하며, 운전자는 계기판 경고등이 켜지면 바로 총무팀에 알린다.
제12조(주차비) 방문지에 회사 주차 공간이 없어 유료 주차장을 쓴 경우 주차비는 경비로 청구한다.
부칙
제1조(시행일) 이 규정은 2023년 3월 1일부터 시행한다.

달라 주식회사 인사팀 · 문의 hr@example.com · 02-0000-0000",규정
품절·재입고 알림 FAQ,"Q. 품절된 상품이 다시 들어오면 알려 주나요?
A. 품절 상품 화면의 [재입고 알림]을 누르면 상품이 다시 들어왔을 때 앱 알림과 문자로 알려 드립니다.

Q. 재입고 알림 신청은 언제까지 유지되나요?
A. 신청한 날부터 90일 동안 유지됩니다. 그 안에 다시 들어오지 않으면 신청이 저절로 끝납니다.

Q. 알림을 받고 들어가 보니 벌써 품절이에요.
A. 알림은 신청한 모든 분께 한꺼번에 보내므로 재고가 적으면 금방 다시 품절될 수 있습니다. 이 경우 신청이 그대로 남아 있어 다음 재입고 때도 알려 드립니다.

Q. 옵션마다 따로 알림을 신청할 수 있나요?
A. 색상이나 크기 같은 옵션이 있는 상품은 옵션마다 따로 신청할 수 있습니다.

Q. 장바구니에 담아 두면 재고가 잡혀 있나요?
A. 장바구니에 담기만 해서는 재고를 잡아 두지 않으며, 결제를 마쳐야 주문이 확정됩니다.

Q. 판매가 끝난 상품도 알림을 신청할 수 있나요?
A. 판매가 끝난 상품은 다시 들어오지 않아 알림을 신청할 수 없습니다. 비슷한 상품은 상품 화면 아래 [함께 보면 좋은 상품]에서 찾아보세요.

달라마켓 고객센터는 평일 오전 9시부터 오후 6시까지 운영한다.",FAQ
급여 규정,"제1장 총칙
제1조(목적) 이 규정은 직원에게 주는 임금의 구성, 계산 방법, 지급 절차를 정한다.
제2조(적용 대상) 이 규정은 임원을 뺀 직원에게 적용하며, 임원의 보수는 이사회가 따로 정한다.
제3조(임금의 구성) 임금은 기본급, 직책수당, 식대, 가족수당, 자격수당, 법정수당, 성과급으로 이루어진다.
제2장 기본급과 수당
제4조(기본급) 기본급은 직급별 연봉 기준표와 직전 연도 인사평가 결과를 반영하여 매년 3월에 새로 정한다.
제5조(기준표 공개) 인사팀은 직급별 연봉 기준표의 최저 금액과 최고 금액을 매년 3월 사내 게시판에 공개한다.
제6조(연봉 조정률) 인사평가 등급별 기본급 조정률은 다음과 같다.
1. S등급: 8% 인상
2. A등급: 6% 인상
3. B등급: 4% 인상
4. C등급: 2% 인상
5. D등급: 동결
제7조(연봉 계약) ① 인사팀은 매년 3월 10일까지 새 연봉 계약서를 인사 시스템에 올린다. ② 직원은 3월 20일까지 전자 서명을 하며, 서명 전이라도 새 기본급은 3월 1일부터 적용한다.
제8조(직책수당) 직책을 맡은 직원에게는 매월 다음 금액을 준다.
1. 팀장: 300,000원
2. 본부장: 600,000원
제9조(식대) 모든 직원에게 매월 200,000원의 식대를 주며, 재택근무를 한 날이 있어도 식대를 깎지 않는다.
제10조(가족수당) ① 배우자가 있는 직원에게는 월 50,000원을 준다. ② 만 19세 미만 자녀가 있는 직원에게는 자녀 한 명당 월 30,000원을 주되, 세 명까지만 준다. ③ 부부가 모두 회사 직원이면 자녀 몫의 수당은 한 사람만 받는다.
제11조(자격수당) ① 회사가 지정한 자격증을 가진 직원에게는 자격증 하나에 월 50,000원을 주되, 한 사람에게 월 100,000원을 넘게 주지 않는다. ② 지정 자격증 목록은 인사팀이 매년 1월에 공지한다.
제12조(법정수당) ① 연장근로와 8시간 이내의 휴일근로에는 통상시급의 1.5배를 준다. ② 8시간을 넘는 휴일근로에는 넘은 시간에 대하여 통상시급의 2배를 준다. ③ 야간근로에는 통상시급의 0.5배를 더하여 준다. ④ 통상시급은 월 통상임금을 209시간으로 나누어 구한다.
제13조(근로시간 계산 단위) 연장근로 시간은 15분 단위로 계산하고, 15분이 안 되는 시간은 다음 연장근로에 더한다.
제14조(당직 수당) 휴일에 사무실 당직을 선 직원에게는 1회에 50,000원을 주며, 당직 시간은 휴일근로로 따로 계산하지 않는다.
제15조(수당 신청) 가족수당과 자격수당은 증빙 서류를 인사 시스템에 올린 달부터 주며, 늦게 신청한 경우에는 3개월까지만 거슬러 올라가 준다.
제3장 지급
제16조(지급일) ① 임금은 매월 1일부터 말일까지를 계산 기간으로 하여 그달 25일에 준다. ② 25일이 휴일이면 바로 전 영업일에 준다.
제17조(지급 방법) 임금은 직원 본인 명의 계좌로 보낸다. 계좌를 바꾸려는 직원은 급여일 10일 전까지 인사 시스템에서 변경을 신청한다.
제18조(공제) 소득세, 지방소득세, 4대 사회보험의 본인 부담분, 직원이 동의한 사내 대출 상환금은 임금에서 뗀다.
제19조(일할 계산) 달 중간에 입사, 퇴사, 휴직, 복직한 직원의 그달 임금은 월 임금을 그달의 날수로 나눈 뒤 재직한 날수를 곱하여 계산한다.
제20조(비상시 지급) 직원이 출산, 질병, 재해 등으로 급히 돈이 필요하다고 요청하면, 회사는 급여일 전이라도 요청일까지 일한 만큼의 임금을 3영업일 안에 준다.
제21조(급여 명세서) 회사는 급여일에 항목별 지급액과 공제 내역을 담은 명세서를 인사 시스템에 올린다.
제22조(연말정산) 직원은 매년 1월 31일까지 연말정산 자료를 인사 시스템에 올린다. 회사는 정산 결과로 생긴 환급액이나 추가 납부액을 2월 급여에 반영하며, 추가 납부액이 100,000원을 넘으면 직원이 원할 때 3개월로 나누어 뗀다.
제23조(휴직 중 임금) ① 질병 휴직 기간 가운데 처음 3개월은 기본급의 70%를 주고, 그 뒤는 무급으로 한다. ② 육아휴직 중 임금은 육아지원 규정을 따른다.
제4장 성과급
제24조(재원) 성과급 재원은 직전 연도 영업이익의 10% 범위에서 이사회가 정한다.
제25조(개인 지급률) 개인 성과급은 기본급 월액에 인사평가 등급별 지급률을 곱하여 계산한다.
1. S등급: 300%
2. A등급: 200%
3. B등급: 100%
4. C등급: 50%
5. D등급: 지급하지 않음
제26조(지급 시기와 대상) ① 성과급은 매년 4월 급여일에 준다. ② 지급일에 재직 중이고 평가 대상 기간에 6개월 이상 근무한 직원만 받는다.
제5장 보칙
제27조(급여 정보 보호) 인사팀 직원은 업무상 알게 된 다른 직원의 임금 정보를 외부에 알리지 않는다.
제28조(착오 지급) 임금을 잘못 지급한 사실을 알게 되면 회사는 다음 급여일에 차액을 정산하며, 정산 전에 그 내역을 직원에게 알린다.
제29조(퇴직 정산) 퇴직한 직원의 남은 임금과 퇴직금은 퇴직일부터 14일 안에 지급한다.
제30조(퇴직연금 적립) 확정기여형 퇴직연금에 가입한 직원에게는 연간 임금 총액의 12분의 1 이상을 적립하며, 분기마다 마지막 달 급여일에 나누어 넣는다.
제31조(급여 문의) 급여 계산에 의문이 있는 직원은 급여일부터 30일 안에 인사팀에 확인을 요청하고, 인사팀은 5영업일 안에 답한다.
부칙
제1조(시행일) 이 규정은 2023년 1월 1일부터 시행한다.

달라 주식회사 인사팀 · 문의 hr@example.com · 02-0000-0000",규정
결제 FAQ,"Q. 어떤 결제 수단을 쓸 수 있나요?
A. 신용카드, 체크카드, 계좌이체, 무통장입금, 휴대폰 결제, 달라마켓 간편결제인 달라페이를 쓸 수 있습니다. 적립금과 상품권 잔액은 다른 결제 수단과 함께 쓸 수 있습니다.

Q. 달라페이는 무엇인가요?
A. 카드나 계좌를 한 번 등록해 두면 비밀번호 6자리만 눌러 결제하는 서비스입니다. 달라페이로 결제하면 등급별 적립금에 0.5%가 더 쌓입니다.

Q. 휴대폰 결제 한도는 얼마인가요?
A. 달라마켓에서 휴대폰으로 결제할 수 있는 금액은 한 달 300,000원까지입니다. 통신사에서 정한 개인 한도가 이보다 낮으면 그 한도를 따릅니다.

Q. 결제한 뒤에 결제 수단을 바꿀 수 있나요?
A. 결제를 마친 주문은 수단만 따로 바꿀 수 없습니다. 출고 전이라면 주문을 취소한 뒤 원하는 수단으로 다시 주문해 주세요.

Q. 결제 오류가 났는데 돈이 빠져나갔어요.
A. 주문이 만들어지지 않았는데 돈이 빠져나갔다면 결제사가 보통 1~3영업일 안에 자동으로 취소합니다. 그 뒤에도 돌아오지 않으면 결제 화면을 캡처하여 1:1 문의에 남겨 주세요.

Q. 법인카드로도 결제할 수 있나요?
A. 할 수 있습니다. 다만 법인카드는 할부가 되지 않아 일시불로만 결제됩니다.

달라마켓 고객센터는 평일 오전 9시부터 오후 6시까지 운영한다.",FAQ
개인정보 처리 규정,"제1장 총칙
제1조(목적) 이 규정은 회사가 달라마켓을 운영하며 모은 고객 개인정보를 안전하게 다루려고 임직원이 따라야 할 절차를 정한다.
제2조(용어) ① ""개인정보""란 이름, 연락처, 배송지, 주문 내역처럼 살아 있는 개인을 알아볼 수 있는 정보를 말한다. ② ""개인정보취급자""란 업무상 고객 개인정보를 조회하거나 처리하는 임직원을 말한다.
제3조(처리 원칙) 개인정보는 고객에게 알린 목적 안에서 필요한 만큼만 모으고, 목적을 이루면 지체 없이 파기한다.
제4조(보호 책임자) ① 대표이사는 정보보안팀장을 개인정보 보호책임자로 지정한다. ② 각 부서의 팀장은 그 부서의 개인정보 관리자가 된다.
제2장 수집과 이용
제5조(가입 정보) 달라마켓 회원 가입 때에는 이름, 휴대전화 번호, 이메일, 비밀번호만 필수로 받고, 생년월일과 성별은 선택 항목으로 받는다.
제6조(가입 연령) 만 14세 미만은 달라마켓 회원으로 가입할 수 없으며, 가입 화면에서 나이 확인 절차를 거친다.
제7조(주문 정보) 주문할 때 받는 받는 사람의 이름, 연락처, 배송지는 배송과 교환·반품 처리에만 쓴다.
제8조(광고성 정보) 할인 알림 같은 광고성 정보는 수신에 동의한 고객에게만 보내며, 오후 9시부터 다음 날 오전 8시 사이에는 보내지 않는다.
제9조(동의 철회) 고객이 광고 수신 동의를 거두면 고객지원팀과 마케팅팀은 요청일부터 2영업일 안에 그 고객을 발송 대상에서 뺀다.
제10조(고유식별정보) 법령이 허용한 경우가 아니면 고객의 주민등록번호를 받지 않는다. 해외 배송에 필요한 개인통관고유부호는 통관에만 쓰고, 배송이 끝난 날부터 90일 뒤에 지운다.
제11조(상담 녹음) 고객센터 전화 상담은 고객에게 녹음 사실을 먼저 알린 뒤 녹음하며, 녹음 파일은 3개월 동안 보관하고 지운다.
제12조(가명 정보) 매출 분석이나 상품 추천 모델 학습에 고객 정보를 쓸 때에는 이름과 연락처를 지우고 회원 번호를 다른 값으로 바꾼 가명 정보만 쓴다.
제3장 접근 통제
제13조(취급자 지정) 개인정보취급자는 부서장이 요청하고 개인정보 보호책임자가 승인하여 정한다. 지정되는 직원은 지정 전에 개인정보 보호 교육 1시간을 듣는다.
제14조(가림 표시) ① 고객 관리 화면은 휴대전화 번호의 가운데 네 자리와 이메일 아이디의 넷째 글자부터를 가려서 보여 준다. ② 가리지 않은 전체 정보는 고객 상담처럼 꼭 필요할 때에만 사유를 적고 열어 본다.
제15조(대량 내려받기) 한 번에 1,000건이 넘는 고객 정보를 내려받으려면 개인정보 보호책임자의 사전 승인을 받으며, 내려받은 파일에는 암호를 건다.
제16조(접속 기록) 개인정보 처리 시스템의 접속 기록은 2년 동안 보관하고, 정보보안팀이 매월 한 번 이상 비정상적인 조회가 있었는지 점검한다.
제17조(권한 회수) 개인정보취급자가 담당 업무를 바꾸거나 퇴직하면 그날 안에 취급 권한을 거둔다.
제18조(출력물 관리) 고객 정보가 담긴 출력물은 업무가 끝나는 즉시 세단하며, 책상 위나 복합기에 남겨 두지 않는다.
제19조(영상 기록) 사무실과 물류센터 출입구의 영상 기록은 30일 동안 보관하며, 열람은 도난이나 사고 확인이 필요할 때 총무팀장의 승인을 받아서 한다.
제4장 제공과 위탁
제20조(제3자 제공) 고객의 동의나 법령상 근거 없이 개인정보를 외부에 제공하지 않는다. 수사기관의 자료 요청은 법무팀이 공문과 근거 법령을 확인한 뒤 처리한다.
제21조(처리 위탁) ① 배송, 결제, 상담 콜센터처럼 개인정보 처리를 외부 업체에 맡기면 위탁 계약서에 보호 의무와 재위탁 제한을 적는다. ② 위탁 업체 목록은 달라마켓 개인정보 처리방침에 공개한다.
제22조(수탁 업체 점검) 위탁을 맡긴 부서는 해마다 한 번 수탁 업체의 보호 조치를 점검하고, 결과를 개인정보 보호책임자에게 보고한다.
제5장 보관과 파기
제23조(보관 기간) ① 회원 정보는 탈퇴할 때까지 보관한다. ② 계약과 결제에 관한 기록은 5년, 소비자 불만과 분쟁 처리 기록은 3년 동안 보관한다. ③ 1년 동안 로그인하지 않은 회원의 정보는 따로 분리하여 보관하며, 분리하기 30일 전에 이메일로 알린다.
제24조(파기 방법) ① 보관 기간이 지난 정보는 매월 첫째 주에 한꺼번에 파기한다. ② 전자 파일은 되살릴 수 없게 지우고, 종이 문서는 세단하거나 소각한다.
제25조(파기 기록) 파기를 마친 부서는 파기한 날짜, 항목, 건수, 방법을 기록하여 개인정보 보호책임자에게 낸다.
제6장 고객 권리와 사고 대응
제26조(열람과 정정) 고객이 자기 정보의 열람, 정정, 삭제를 요청하면 고객지원팀이 본인임을 확인한 뒤 10일 안에 처리하고 결과를 알린다.
제27조(유출 대응) ① 개인정보 유출을 알게 된 임직원은 곧바로 개인정보 보호책임자에게 알린다. ② 회사는 유출 사실을 안 때부터 72시간 안에 해당 고객에게 유출된 항목, 시점, 대응 조치, 문의처를 알리고, 법령에서 정한 경우에는 관계 기관에 신고한다.
제28조(재발 방지) 유출 사고가 마무리되면 정보보안팀은 원인과 재발 방지 대책을 담은 보고서를 30일 안에 경영회의에 올린다.
제29조(정기 교육) 개인정보취급자는 해마다 개인정보 보호 교육 2시간을 듣는다.
제30조(자체 점검) 개인정보 보호책임자는 해마다 6월과 12월에 부서별 처리 현황을 점검하고, 고칠 점을 부서장에게 알린다.
제31조(위반 처리) 고객 정보를 업무와 관계없는 목적으로 조회하거나 외부에 넘긴 임직원은 포상 및 징계 규정에서 정한 중징계 대상이 된다.
부칙
제1조(시행일) 이 규정은 2023년 9월 15일부터 시행한다.

달라 주식회사 인사팀 · 문의 hr@example.com · 02-0000-0000",규정
회원 등급 FAQ,"Q. 회원 등급은 어떻게 나뉘나요?
A. 최근 6개월 동안 구매 확정한 금액에 따라 일반, 실버, 골드, VIP의 네 등급으로 나눕니다. 실버는 200,000원 이상, 골드는 500,000원 이상, VIP는 1,000,000원 이상입니다.

Q. 등급은 언제 바뀌나요?
A. 매월 1일에 전날까지 6개월 동안의 구매 확정 금액으로 새로 정합니다. 달 중간에 기준을 넘어도 등급은 다음 달 1일에 올라갑니다.

Q. 등급마다 적립률이 다른가요?
A. 구매 확정 금액의 일반 1%, 실버 1.5%, 골드 2%, VIP 3%를 적립금으로 드립니다.

Q. 적립 말고 다른 등급 혜택도 있나요?
A. 골드는 매월 무료 배송 쿠폰 2장, VIP는 5장을 받습니다. 골드 이상은 [빠른 교환]을 쓸 수 있고, VIP는 전화 상담 때 기다리지 않고 전담 상담원과 연결됩니다.

Q. 취소하거나 반품한 금액도 등급 금액에 들어가나요?
A. 들어가지 않습니다. 구매 확정 뒤에 불량으로 반품한 상품도 그 금액만큼 빠집니다.

Q. 생일 쿠폰도 받을 수 있나요?
A. 가입할 때 생년월일을 적은 회원에게는 생일이 있는 달 1일에 쿠폰을 드립니다. 일반과 실버는 3,000원, 골드와 VIP는 10,000원이며 그달 말일까지 쓸 수 있습니다.

달라마켓 고객센터는 평일 오전 9시부터 오후 6시까지 운영한다.",FAQ
무통장입금 FAQ,"Q. 무통장입금은 어떻게 하나요?
A. 결제 화면에서 무통장입금을 고르면 그 주문에만 쓰는 가상계좌가 만들어집니다. 안내받은 계좌로 주문 금액을 보내면 결제가 끝납니다.

Q. 입금 기한은 언제까지인가요?
A. 주문한 시각부터 48시간 안에 입금해야 합니다. 기한이 지나면 주문이 자동으로 취소되고 그 가상계좌도 더는 쓸 수 없습니다.

Q. 주문 금액과 다른 금액을 보냈어요.
A. 가상계좌는 주문 금액과 똑같은 금액만 받습니다. 금액이 다르면 입금되지 않고 보낸 계좌로 되돌아가니 정확한 금액으로 다시 보내 주세요.

Q. 입금했는데 결제 확인이 안 돼요.
A. 입금 확인은 보통 5분 안에 끝납니다. 은행 점검 시간인 매일 밤 11시 30분부터 0시 30분 사이에는 확인이 늦어질 수 있습니다.

Q. 입금자 이름이 주문자와 달라도 되나요?
A. 가상계좌는 주문마다 따로 만들어지므로 입금자 이름이 달라도 결제가 됩니다.

Q. 무통장입금도 현금영수증을 받을 수 있나요?
A. 결제 화면에서 휴대전화 번호나 사업자등록번호를 적으면 입금이 확인된 뒤 자동으로 발급됩니다. 결제할 때 신청하지 못했다면 주문 뒤에 마이페이지에서 신청할 수 있습니다.

달라마켓 고객센터는 평일 오전 9시부터 오후 6시까지 운영한다.",FAQ
주택자금 대여 규정,"제1조(목적) 이 규정은 직원의 주거 안정을 돕기 위하여 주택 구입 자금과 전세 자금을 빌려주는 기준을 정한다.
제2조(대상) 근속 2년 이상인 정규직 가운데 본인과 배우자 이름으로 된 주택이 없는 직원이 신청할 수 있다.
제3조(대여 한도) ① 주택 구입 자금은 50,000,000원, 전세 자금은 30,000,000원까지 빌려준다. ② 빌려주는 돈은 주택 매매 가격이나 전세 보증금의 50%를 넘지 않는다.
제4조(이자) 이자는 연 2%로 하며, 매달 급여에서 원금과 함께 뗀다.
제5조(상환 기간) 주택 구입 자금은 최대 10년, 전세 자금은 최대 4년 동안 매달 원리금을 똑같이 나누어 갚는다.
제6조(신청) 매년 4월과 10월에 신청을 받으며, 신청자는 매매 계약서나 전세 계약서 사본과 등기사항증명서를 낸다.
제7조(선정) 한 해 대여 예산은 1,000,000,000원이다. 신청액이 예산을 넘으면 근속 연수가 길고 부양가족이 많은 직원부터 정한다.
제8조(차용증과 보증) 대여를 받는 직원은 차용증서를 쓰고, 30,000,000원이 넘는 대여금은 보증보험에 가입한다. 보증보험료는 회사가 낸다.
제9조(중도 상환) 직원은 언제든지 남은 원금의 일부나 전부를 수수료 없이 미리 갚을 수 있다.
제10조(휴직 중 상환) 휴직 중에는 직원이 매달 회사 계좌로 원리금을 보낸다. 무급 휴직이 3개월을 넘으면 직원이 신청하여 휴직 기간만큼 상환을 미룰 수 있다.
제11조(사후 확인) 대여를 받은 직원은 60일 안에 소유권 이전이나 전입 사실을 확인할 수 있는 서류를 인사팀에 낸다.
제12조(즉시 상환) 다음 경우에는 남은 원금을 한 번에 갚는다.
1. 퇴직하는 경우(직원이 동의하면 퇴직금에서 뗀다)
2. 빌린 돈을 주거가 아닌 곳에 쓴 사실이 드러난 경우
3. 주택을 팔거나 전세 계약이 끝난 뒤 60일 안에 새 계약을 하지 않은 경우
제13조(재대여 제한) 빌린 돈을 모두 갚은 날부터 3년이 지나야 다시 빌릴 수 있다.
부칙
제1조(시행일) 이 규정은 2021년 7월 1일부터 시행한다.

달라 주식회사 인사팀 · 문의 hr@example.com · 02-0000-0000",규정
할부·무이자 FAQ,"Q. 할부 결제는 얼마부터 되나요?
A. 신용카드로 50,000원 이상 결제하면 2개월부터 12개월까지 할부 기간을 고를 수 있습니다.

Q. 무이자 할부 행사는 어디서 확인하나요?
A. 카드사별 무이자 할부 행사는 매월 1일에 결제 화면과 [혜택 안내] 페이지에 올립니다. 행사 기간과 무이자 개월 수는 카드사마다 다릅니다.

Q. 부분 무이자는 무엇인가요?
A. 할부 회차 가운데 앞쪽 몇 회차의 수수료만 카드사가 대신 내 주는 방식입니다. 예를 들어 10개월 할부에 1~3회차 부분 무이자라면 4회차부터는 수수료가 붙습니다.

Q. 쿠폰이나 적립금을 쓰면 할부 기준 금액은 어떻게 되나요?
A. 할부 기준은 할인과 적립금을 뺀 뒤 실제로 카드로 결제하는 금액입니다. 상품 값이 50,000원을 넘어도 카드 결제 금액이 그보다 적으면 일시불로만 결제됩니다.

Q. 할부로 산 여러 상품 가운데 일부만 취소하면요?
A. 남은 금액으로 할부가 이어지고, 취소된 금액만큼 매달 청구 금액이 줄어듭니다. 줄이는 방식은 카드사 기준을 따릅니다.

Q. 체크카드도 할부가 되나요?
A. 체크카드는 할부를 지원하지 않습니다.

달라마켓 고객센터는 평일 오전 9시부터 오후 6시까지 운영한다.",FAQ
계정 보안 FAQ,"Q. 비밀번호를 잊어버렸어요.
A. 로그인 화면의 [비밀번호 찾기]에서 가입한 휴대전화로 인증하면 새 비밀번호를 정할 수 있습니다.

Q. 비밀번호를 만드는 규칙이 있나요?
A. 영문, 숫자, 특수문자를 섞어 10자 이상으로 정해야 하며, 예전에 쓴 비밀번호는 다시 쓸 수 없습니다.

Q. 2단계 인증은 어떻게 켜나요?
A. 마이페이지 [보안 설정]에서 켜면, 처음 쓰는 기기에서 로그인할 때 휴대전화로 받은 인증번호를 한 번 더 넣게 됩니다.

Q. 제가 하지 않은 로그인 알림을 받았어요.
A. 곧바로 비밀번호를 바꾸고 [보안 설정]에서 [모든 기기에서 로그아웃]을 누르세요. 모르는 주문이 보이면 고객센터에 알려 주시면 결제를 멈추고 확인합니다.

Q. 달라마켓이라며 비밀번호를 묻는 문자를 받았어요.
A. 달라마켓은 문자나 전화로 비밀번호나 카드 번호를 묻지 않습니다. 이런 문자의 링크는 누르지 말고, 캡처하여 1:1 문의로 보내 주시면 확인해 드립니다.

Q. 내 로그인 기록을 볼 수 있나요?
A. [보안 설정]에서 최근 90일 동안 로그인한 날짜, 기기 종류, 접속 지역을 볼 수 있습니다.

달라마켓 고객센터는 평일 오전 9시부터 오후 6시까지 운영한다.",FAQ
픽업 보관함 FAQ,"Q. 픽업 보관함은 무엇인가요?
A. 지하철역과 주민센터 근처에 설치한 달라마켓 무인 보관함에서 주문한 상품을 직접 찾아가는 서비스입니다. 픽업 보관함으로 받으면 배송비가 들지 않습니다.

Q. 픽업 보관함은 어떻게 신청하나요?
A. 주문서의 배송 방법에서 [픽업 보관함]을 고른 뒤 가까운 보관함을 선택하면 됩니다.

Q. 언제 찾으러 가면 되나요?
A. 상품이 보관함에 들어가면 보관함 번호와 6자리 인증번호를 문자로 보내 드립니다. 문자를 받은 때부터 3일 안에 찾아가 주세요.

Q. 3일 안에 찾지 못하면 어떻게 되나요?
A. 보관 기간이 지나면 상품을 물류센터로 되가져가고 주문을 자동으로 취소하여 전액 환불합니다. 앱에서 한 번에 한해 보관 기간을 하루 늘릴 수 있습니다.

Q. 모든 상품을 보관함으로 받을 수 있나요?
A. 가로, 세로, 높이의 합이 120cm 이하이고 무게가 10kg 이하인 상품만 받을 수 있습니다. 신선식품과 설치 상품은 보관함으로 받을 수 없습니다.

Q. 인증번호 문자를 지웠어요.
A. 마이페이지 주문 상세 화면에서 인증번호를 다시 볼 수 있습니다.

달라마켓 고객센터는 평일 오전 9시부터 오후 6시까지 운영한다.",FAQ
인사 규정,"제1장 총칙
제1조(목적) 이 규정은 직원의 채용, 배치, 전보, 승진, 휴직과 복직 등 인사 관리의 기준과 절차를 정한다.
제2조(인사 원칙) 인사는 능력, 성과, 적성에 따라 공정하게 하며 성별, 나이, 출신 지역, 혼인 여부를 이유로 차별하지 않는다.
제3조(직급과 직책) ① 직원의 직급은 사원, 대리, 과장, 차장, 부장의 5단계로 한다. ② 직책은 팀장과 본부장으로 하며, 직급과 따로 임명한다.
제4조(인사위원회) ① 승진, 징계, 해고 등 중요한 인사 사항을 심의하려고 인사위원회를 둔다. ② 위원회는 위원장인 경영지원본부장과 대표이사가 지명한 본부장 4명으로 꾸린다. ③ 회의는 재적 위원 과반수가 출석하면 열고, 출석 위원 과반수가 찬성하면 의결한다.
제2장 채용
제5조(채용 방법) 직원은 공개 채용이나 수시 채용으로 뽑는다. 직원이 지인을 추천하여 뽑는 경우에는 채용 추천 보상 규정도 함께 따른다.
제6조(채용 절차) 채용은 서류 전형, 직무 면접, 임원 면접 순서로 진행하며, 직무에 따라 과제 전형을 더할 수 있다.
제7조(결격 사유) 다음 각 호의 어느 하나에 해당하는 사람은 채용하지 않는다.
1. 제출 서류에 사실과 다른 내용을 적은 사람
2. 금고 이상의 형을 선고받고 집행이 끝나지 않은 사람
3. 법원의 판결로 자격이 정지된 사람
제8조(합격 통보) 인사팀은 최종 합격자에게 합격 사실, 입사일, 처우 조건을 이메일로 알리고, 합격자는 통보받은 날부터 5영업일 안에 입사 여부를 회신한다.
제9조(면접 비용) 회사는 면접을 보러 온 지원자에게 교통비 30,000원을 주며, 편도 150km 넘게 떨어진 곳에서 온 지원자에게는 50,000원을 준다.
제10조(지원 서류 처리) 불합격한 지원자가 요청하면 인사팀은 제출 서류를 14일 안에 돌려주고, 요청이 없으면 전형이 끝난 날부터 180일 뒤에 파기한다.
제3장 배치와 전보
제11조(배치) 신규 입사자는 채용 공고에 적은 직무에 배치하는 것을 원칙으로 한다.
제12조(전보) ① 회사는 업무상 필요하면 직원을 다른 부서로 옮길 수 있으며, 시행일 14일 전까지 본인에게 알린다. ② 같은 부서에서 3년 이상 일한 직원은 매년 11월에 열리는 사내 공모로 전보를 신청할 수 있다.
제13조(직무 대행) 팀장 자리가 비면 본부장이 지명한 사람이 최대 6개월 동안 그 직무를 대행한다.
제14조(대기 발령) ① 직무 수행이 어렵다고 인정되는 직원이나 징계 절차가 진행 중인 직원에게는 3개월 안에서 대기 발령을 할 수 있다. ② 대기 발령 기간에도 기본급은 전액 지급한다.
제15조(외부 파견) ① 회사는 직원의 동의를 받아 협력 기관에 1년 이내로 파견할 수 있다. ② 6개월 넘게 파견 근무를 하는 직원에게는 월 200,000원의 파견수당을 준다.
제4장 승진
제16조(승진 시기) 정기 승진은 매년 3월 1일자로 한다.
제17조(최소 근무 연수) 승진 대상이 되려면 지금 직급에서 다음 기간 이상 근무해야 한다.
1. 사원에서 대리: 3년
2. 대리에서 과장: 4년
3. 과장에서 차장: 4년
4. 차장에서 부장: 5년
제18조(승진 심사) ① 인사위원회는 최근 2년의 인사평가 결과, 필수 교육 이수 여부, 부서장 추천을 종합하여 승진을 심사한다. ② 최근 2년 안에 인사평가 D등급을 한 번이라도 받은 직원은 그해 승진 대상에서 빠진다.
제19조(특별 승진) 회사 성과에 크게 이바지한 직원은 최소 근무 연수를 1년까지 줄여 승진시킬 수 있으며, 이 경우 대표이사의 승인을 받는다.
제20조(승진 제한) 정직 이상의 징계를 받은 직원은 처분일부터 2년 동안 승진하지 못한다.
제21조(이의 신청) 승진에서 빠진 직원은 결과 발표일부터 7일 안에 인사위원회에 이의를 신청할 수 있고, 위원회는 14일 안에 다시 심의하여 결과를 알린다.
제22조(승진자 교육) 새로 승진한 직원은 승진일부터 3개월 안에 직급별 리더십 교육 16시간을 마친다.
제5장 휴직과 복직
제23조(휴직의 종류) 휴직은 다음과 같이 나눈다.
1. 질병 휴직: 업무 밖의 질병이나 부상으로 3개월 이상 치료가 필요할 때, 최대 1년
2. 육아휴직: 육아지원 규정에서 정한 기간
3. 자기계발 휴직: 근속 5년 이상인 직원이 학업 등을 위하여 신청할 때, 무급으로 최대 1년
4. 가족 돌봄 휴직: 가족의 질병이나 사고로 돌봄이 필요할 때, 연간 최대 90일
제24조(휴직 신청) 휴직하려는 직원은 시작일 30일 전까지 휴직 신청서와 증빙 서류를 인사팀에 낸다. 갑작스러운 질병처럼 미리 낼 수 없었다면 사유가 생긴 날부터 7일 안에 낸다.
제25조(복직) ① 휴직 기간이 끝나기 14일 전까지 복직원을 낸다. 질병 휴직에서 돌아오는 직원은 업무에 지장이 없다는 의사 소견서를 함께 낸다. ② 회사는 복직한 직원을 휴직 전 직무나 그와 같은 수준의 직무에 배치한다.
제26조(근속 연수 계산) 자기계발 휴직 기간은 근속 연수에 넣지 않고, 질병 휴직과 육아휴직 기간은 근속 연수에 넣는다.
제6장 인사 기록과 증명서
제27조(인사 기록) 인사팀은 직원별로 학력, 경력, 발령, 평가, 교육, 상벌 이력을 인사 시스템에 기록하고 퇴직 뒤 3년 동안 보관한다.
제28조(증명서 발급) ① 재직 증명서와 경력 증명서는 인사 시스템에서 직원이 바로 발급받는다. ② 퇴직한 사람이 경력 증명서를 요청하면 인사팀이 3영업일 안에 이메일로 보낸다.
부칙
제1조(시행일) 이 규정은 2022년 1월 1일부터 시행한다.

달라 주식회사 인사팀 · 문의 hr@example.com · 02-0000-0000",규정
퇴직 절차 규정,"제1조(목적) 이 규정은 직원이 퇴직할 때 사직서 제출에서 인수인계, 자산 반납, 정산까지의 절차를 정한다.
제2조(사직서 접수) 사직서는 인사 시스템으로 내며, 부서장은 사직서를 받은 날부터 3영업일 안에 본인과 면담한다.
제3조(사직 철회) 퇴직일이 확정되기 전에는 사직서를 거둘 수 있고, 확정된 뒤에는 부서장과 인사팀이 모두 동의해야 거둘 수 있다.
제4조(퇴직일 확정) 인사팀은 부서장의 의견을 들어 사직서 접수일부터 7일 안에 퇴직일을 확정하여 본인에게 알린다.
제5조(인수인계서) 퇴직자는 퇴직일 10영업일 전까지 맡은 업무 목록, 진행 상황, 거래처 담당자, 파일 저장 위치를 적은 인수인계서를 쓰고, 후임자와 부서장의 확인 서명을 받는다.
제6조(파일 정리) 퇴직자는 퇴직일 전까지 개인 저장 공간에 있는 업무 파일을 팀 공유 폴더로 옮긴다.
제7조(경비 정산) 퇴직자는 퇴직일 전까지 법인카드 사용 내역과 출장 가지급금 정산을 마친다.
제8조(남은 연차 사용) 퇴직자는 퇴직일 전에 남은 연차를 쓸 수 있으나, 인수인계 기간과 겹치지 않도록 부서장과 날짜를 맞춘다.
제9조(자산 반납) 노트북, 출입증, 법인카드, 빌린 장비는 퇴직일에 모두 돌려주고 반납 확인서를 받는다.
제10조(메일 전달) 퇴직자의 업무 메일은 퇴직일부터 30일 동안 부서장이 지정한 직원에게 자동으로 넘어간다.
제11조(작별 인사) 퇴직자는 원하면 퇴직일에 팀과 거래처에 인사 메일을 보낼 수 있으며, 거래처에 보내는 메일에는 후임자를 함께 소개한다.
제12조(퇴직 면담) 인사팀은 퇴직일 전에 퇴직 면담을 하며, 면담에서 들은 내용은 제도를 고치는 데에만 쓴다.
제13조(비밀 유지 서약) 퇴직자는 재직 중 알게 된 영업 비밀을 퇴직 뒤에도 쓰거나 남에게 알리지 않겠다는 서약서를 낸다.
제14조(대출 잔액) 사내 대출이 남은 퇴직자는 퇴직일까지 갚거나, 동의서를 써서 퇴직금에서 떼도록 한다.
제15조(재입사) 퇴직일부터 2년 안에 같은 직무로 다시 입사한 직원에게는 수습 기간을 두지 않는다.
부칙
제1조(시행일) 이 규정은 2022년 10월 1일부터 시행한다.

달라 주식회사 인사팀 · 문의 hr@example.com · 02-0000-0000",규정
채용 추천 보상 규정,"제1조(목적) 이 규정은 직원이 추천한 사람이 회사에 채용되었을 때 추천한 직원에게 주는 보상의 기준을 정한다.
제2조(추천할 수 있는 직원) 재직 중인 직원은 누구나 추천할 수 있다. 다만 인사팀 채용 담당자와 그 채용의 면접관은 추천하지 못한다.
제3조(추천 방법) 추천하려는 직원은 사내 채용 게시판에 올라온 공고에 대하여 추천서와 후보자의 이력서를 인사 시스템으로 낸다. 후보자에게는 미리 동의를 받는다.
제4조(추천 대상 공고) 추천은 사내 채용 게시판에 ""추천 가능""으로 표시된 공고에만 할 수 있으며, 인턴이나 3개월 미만 단기 계약직 채용은 보상 대상이 아니다.
제5조(결과 안내) 인사팀은 추천한 직원에게 후보자의 전형 통과 여부만 알리고, 세부 평가 내용은 알리지 않는다.
제6조(보상금) 추천한 후보자가 입사하여 수습 기간을 통과하면 사원과 대리 직급은 1,000,000원, 과장 이상 직급은 2,000,000원을 추천한 직원에게 준다.
제7조(지급 시기) 보상금은 후보자가 수습을 통과한 달의 다음 달 급여일에 준다.
제8조(세금) 보상금은 근로소득으로 보아 세금을 뗀 뒤 준다.
제9조(연간 한도) 한 직원이 한 해에 받을 수 있는 추천 보상은 5건까지이다.
제10조(중복 추천) 같은 후보자를 여러 직원이 추천했으면 가장 먼저 추천서를 낸 직원에게만 보상한다.
제11조(보상 제외) 추천일 전 6개월 안에 그 후보자가 직접 지원한 기록이 있거나, 추천한 사람이 후보자의 가족이면 보상하지 않는다.
제12조(공정한 전형) 추천받은 후보자도 다른 지원자와 같은 전형을 거치며, 면접관에게는 추천 사실을 알리지 않는다.
제13조(추천자 퇴직) 보상금을 받기 전에 추천한 직원이 퇴직하면 보상금을 주지 않는다.
부칙
제1조(시행일) 이 규정은 2023년 6월 1일부터 시행한다.

달라 주식회사 인사팀 · 문의 hr@example.com · 02-0000-0000",규정
휴가 규정,"제1장 총칙
제1조(목적) 이 규정은 직원이 쓸 수 있는 휴가의 종류와 일수, 신청과 승인 절차를 정한다.
제2조(휴가의 종류) 휴가는 연차휴가, 여름휴가, 생일 반차, 경조휴가, 병가, 공가, 가족돌봄휴가, 리프레시 휴가로 나눈다.
제2장 연차휴가
제3조(부여 기준) ① 1년 동안 80% 이상 출근한 직원에게 연차휴가 15일을 준다. ② 근속 1년 미만인 직원에게는 한 달 개근할 때마다 1일씩, 최대 11일을 준다. ③ 근속 3년 이상인 직원에게는 첫 1년을 넘는 계속근로 2년마다 1일을 더하되, 모두 합하여 25일을 넘지 않는다.
제4조(회계연도 기준) 연차휴가는 매년 1월 1일에 한꺼번에 준다. 연도 중간에 입사한 직원에게는 입사한 해의 근무 기간에 비례하여 계산한 일수를 다음 해 1월 1일에 준다.
제5조(나누어 쓰기) 연차휴가는 4시간 단위의 반차나 2시간 단위의 반반차로 나누어 쓸 수 있다.
제6조(사용 촉진) ① 인사팀은 매년 7월 1일에 직원마다 남은 연차 일수를 알리고, 직원은 10일 안에 사용 계획을 낸다. ② 계획을 내지 않은 직원에게는 회사가 10월 31일까지 사용 시기를 정하여 통보한다. ③ 회사가 사용을 촉진했는데도 쓰지 않은 연차는 수당으로 보상하지 않는다.
제7조(미사용 수당) 사용 촉진 대상이 아니었던 미사용 연차는 다음 해 1월 급여일에 1일 통상임금으로 계산하여 수당으로 준다.
제8조(이월) ① 직원이 원하면 미사용 수당 대신 남은 연차 가운데 5일까지를 다음 해로 넘길 수 있다. ② 이월 신청은 12월 15일까지 하며, 넘긴 연차는 다음 해 3월 31일까지 쓰지 않으면 없어진다.
제9조(퇴직 시 정산) 퇴직하는 직원이 퇴직일까지 쓰지 못한 연차는 1일 통상임금으로 계산하여 마지막 임금과 함께 준다.
제3장 특별휴가
제10조(여름휴가) 유급 여름휴가 3일을 주며, 7월 1일부터 8월 31일 사이에 이어서 써야 한다. 이 기간에 쓰지 않은 여름휴가는 없어진다.
제11조(생일 반차) 생일이 속한 달에 유급 반차 1회를 쓸 수 있으며, 그달에 쓰지 않으면 없어진다.
제12조(경조휴가) 경조휴가 일수는 다음과 같고, 휴일은 일수에 넣지 않는다.
1. 본인 결혼: 5일
2. 자녀 결혼: 1일
3. 배우자 출산: 10일
4. 배우자, 부모, 배우자의 부모, 자녀 사망: 5일
5. 조부모, 형제자매 사망: 3일
제13조(경조휴가 사용 기간) 배우자 출산휴가는 출산일부터 90일 안에 쓰며 한 번 나누어 쓸 수 있고, 나머지 경조휴가는 사유가 생긴 날부터 30일 안에 쓴다.
제14조(병가) ① 업무 밖의 질병이나 부상으로 일할 수 없는 직원은 1년에 30일까지 병가를 쓸 수 있다. ② 병가 가운데 처음 5일은 유급, 그 뒤는 무급으로 한다. ③ 병가를 사흘 이상 이어서 쓰면 진단서를 낸다.
제15조(연차 중 입원) 연차휴가를 쓰는 동안 사흘 넘게 입원한 직원은 입원 확인서를 내고 그 기간을 병가로 바꿀 수 있으며, 바꾼 만큼의 연차는 되살린다.
제16조(공가) 예비군·민방위 훈련, 법원 출석, 투표처럼 법령에 따른 의무를 이행하는 데 필요한 시간은 유급 공가로 처리하며, 직원은 증빙 서류를 낸다.
제17조(가족돌봄휴가) 가족의 질병, 사고, 노령이나 자녀 양육 때문에 돌봄이 필요한 직원은 1년에 10일까지 무급 가족돌봄휴가를 하루 단위로 쓸 수 있다.
제18조(난임치료휴가) 인공수정이나 체외수정 시술을 받는 직원은 1년에 6일까지 난임치료휴가를 쓸 수 있으며, 그 가운데 처음 2일은 유급으로 한다.
제19조(보상휴가) 직원이 원하면 연장근로 수당 대신 보상휴가를 받을 수 있다. 연장근로 1시간마다 보상휴가 1시간 30분을 주며, 받은 날부터 6개월 안에 쓴다.
제20조(무급 개인 휴가) 연차휴가를 모두 쓴 직원은 부서장 승인을 받아 1년에 10일까지 무급 개인 휴가를 쓸 수 있다.
제21조(리프레시 휴가) ① 근속 5년, 10년, 15년이 되는 해에 유급 휴가 10일씩을 준다. ② 리프레시 휴가는 그해 안에 한 번에 이어서 써야 하며, 휴가비 1,000,000원을 함께 지급한다.
제4장 신청과 승인
제22조(신청 기한) ① 연차휴가는 쓰는 날 3영업일 전까지 인사 시스템에서 신청한다. ② 5일 이상 이어지는 휴가는 14일 전까지 신청한다. ③ 병가와 경조휴가는 사유가 생긴 즉시 신청할 수 있다.
제23조(승인) 휴가는 부서장이 승인한다. 부서장은 업무가 매우 급할 때에만 사용 시기를 바꾸도록 요청할 수 있으며, 그 까닭을 직원에게 설명한다.
제24조(팀 휴가 계획) 부서장은 매년 1월과 6월에 팀원의 휴가 계획을 모아 같은 업무를 맡은 사람이 한꺼번에 비지 않도록 조정한다.
제25조(휴가 중 연락) 휴가 중인 직원에게는 긴급할 때만 업무 연락을 한다. 휴가 중에 2시간 이상 업무를 처리한 직원에게는 반차 1회를 돌려준다.
제26조(휴가 취소) 승인받은 휴가를 취소하려면 쓰기로 한 날의 전날까지 인사 시스템에서 취소를 신청한다.
제27조(대리 등록) 갑작스러운 사고나 입원으로 직원이 직접 신청할 수 없으면 부서장이 대신 휴가를 등록하고, 직원은 복귀 후 3영업일 안에 증빙을 낸다.
제28조(잔여 일수 확인) 직원은 인사 시스템의 휴가 화면에서 휴가 종류별로 받은 일수, 쓴 일수, 남은 일수를 언제든 볼 수 있다.
부칙
제1조(시행일) 이 규정은 2023년 7월 1일부터 시행한다.

달라 주식회사 인사팀 · 문의 hr@example.com · 02-0000-0000",규정
경조금 규정,"제1조(목적) 이 규정은 직원과 그 가족의 경사와 조사에 회사가 주는 경조금과 물품의 기준을 정한다.
제2조(대상) 경조금은 재직 중인 직원에게 주며, 수습 기간 중인 직원도 똑같이 받는다.
제3조(경조금 금액) 경조금은 다음과 같다.
1. 본인 결혼: 500,000원
2. 자녀 결혼: 300,000원
3. 본인이나 배우자의 출산: 300,000원
4. 배우자, 부모, 배우자의 부모 사망: 1,000,000원
5. 자녀 사망: 1,000,000원
6. 조부모, 형제자매 사망: 300,000원
7. 본인 사망: 3,000,000원(유족에게 준다)
제4조(화환과 조화) 결혼에는 축하 화환을, 장례에는 조화를 회사 이름으로 보낸다. 직원의 부모 장례에는 대표이사 이름의 조화를 하나 더 보낸다.
제5조(장례 지원) 직원의 배우자, 부모, 배우자의 부모, 자녀의 장례에는 일회용 식기 200인분이 든 장례용품 한 세트를 보내고, 직원이 원하면 상조 도우미 2명을 하루 동안 보낸다.
제6조(중복 지급) 부부가 모두 회사 직원이면 같은 경조사의 경조금과 화환은 한 사람 몫만 준다.
제7조(신청) 경조금은 경조사가 있은 날부터 90일 안에 인사 시스템에서 신청하고, 청첩장, 출생증명서, 사망진단서 사본 같은 증빙을 올린다.
제8조(지급) 인사팀은 신청을 확인한 날부터 7영업일 안에 직원의 급여 계좌로 경조금을 보낸다. 장례 경조금은 신청한 날 먼저 보내고 증빙은 나중에 받는다.
제9조(사내 알림) 직원이 원하면 인사팀이 경조사 소식을 사내 게시판에 알리며, 게시하기 전에 알릴 내용을 본인에게 확인받는다.
제10조(퇴직자) 퇴직일 다음 날 이후에 생긴 경조사에는 경조금을 주지 않는다.
제11조(경조휴가) 경조사로 쉬는 날수는 휴가 규정에서 정한다.
부칙
제1조(시행일) 이 규정은 2021년 5월 1일부터 시행한다.

달라 주식회사 인사팀 · 문의 hr@example.com · 02-0000-0000",규정
안전보건 관리 규정,"제1조(목적) 이 규정은 사무실과 물류센터에서 일하는 직원의 안전과 건강을 지키기 위한 관리 기준을 정한다.
제2조(책임자) 대표이사는 안전보건 총괄책임자가 되고, 물류센터장은 센터의 안전보건 관리책임자가 된다.
제3조(산업안전보건위원회) 회사는 근로자 대표와 회사 쪽 위원을 같은 수로 하는 산업안전보건위원회를 두고, 분기마다 한 번 회의를 연다.
제4조(보호구) 물류센터 작업자에게는 안전화, 안전모, 작업용 장갑을 준다. 안전화는 1년에 한 켤레를 주되, 찢어지거나 밑창이 닳으면 기간과 관계없이 바꿔 준다.
제5조(지게차) 지게차는 면허를 갖고 회사의 운전 교육을 마친 직원만 몬다. 센터 안에서는 시속 10km를 넘지 않는다.
제6조(무거운 짐) 한 사람이 드는 짐은 25kg 이하로 하고, 그보다 무거우면 두 사람이 함께 들거나 운반 장비를 쓴다.
제7조(작업 중지) 급박한 위험이 있으면 직원은 작업을 멈추고 대피할 수 있으며, 회사는 이를 이유로 불이익을 주지 않는다.
제8조(폭염과 한파) ① 체감온도가 33도 이상이면 1시간마다 10분씩 쉬고, 35도 이상이면 1시간마다 15분씩 쉬며 오후 2시부터 5시까지 바깥 작업을 줄인다. ② 영하 10도 아래에서 바깥 작업을 하는 직원에게는 방한복과 따뜻한 음료를 준다.
제9조(사고 보고) 사고가 나면 곧바로 안전보건 관리책임자에게 알리고, 24시간 안에 사고 보고서를 낸다.
제10조(비상 대피) 반기마다 한 번 대피 훈련을 하며, 비상구와 대피 통로 앞에는 물건을 쌓아 두지 않는다.
제11조(응급 처치) 층마다 구급함과 자동심장충격기를 두고, 해마다 직원 20명 이상에게 심폐소생술 교육을 한다.
제12조(건강진단) 야간 작업을 하는 직원은 배치 전과 그 뒤 해마다 한 번 특수건강진단을 받는다.
부칙
제1조(시행일) 이 규정은 2023년 8월 1일부터 시행한다.

달라 주식회사 인사팀 · 문의 hr@example.com · 02-0000-0000",규정
상품 문의·리뷰 FAQ,"Q. 상품에 대해 궁금한 점은 어디에 묻나요?
A. 상품 화면 아래 [상품 문의]에 글을 남기면 판매자가 2영업일 안에 답합니다. 답변이 달리면 앱 알림으로 알려 드립니다.

Q. 다른 사람이 보지 못하게 물어볼 수 있나요?
A. [비밀글]을 고르면 작성자와 판매자만 볼 수 있습니다. 주문 번호나 연락처가 들어가는 문의는 비밀글로 남겨 주세요.

Q. 리뷰는 언제까지 쓸 수 있나요?
A. 구매를 확정한 날부터 90일 안에 쓸 수 있습니다. 올린 리뷰는 올린 날부터 30일 안에 한 번 고칠 수 있습니다.

Q. 제 리뷰가 지워졌어요.
A. 욕설, 광고, 다른 사람의 개인정보, 상품과 관계없는 사진이 들어간 리뷰는 운영 기준에 따라 가리거나 지웁니다. 지운 까닭은 알림으로 알려 드립니다.

Q. 판매자가 나쁜 리뷰를 지울 수 있나요?
A. 판매자는 리뷰를 지우거나 고칠 수 없고 답글만 달 수 있습니다. 리뷰가 사실과 다르다는 판매자의 신고가 들어오면 달라마켓이 직접 검토합니다.

Q. [도움이 돼요]는 무엇인가요?
A. 다른 고객이 리뷰를 읽고 누르는 표시입니다. 매월 이 표시를 가장 많이 받은 리뷰 10개를 골라 작성자에게 적립금 5,000원을 드립니다.

달라마켓 고객센터는 평일 오전 9시부터 오후 6시까지 운영한다.",FAQ
정기 배송 FAQ,"Q. 정기 배송은 어떤 서비스인가요?
A. 자주 사는 상품을 정한 주기마다 자동으로 결제하여 보내 드리는 서비스입니다. 상품 화면에 정기 배송 표시가 있는 상품만 신청할 수 있습니다.

Q. 배송 주기는 어떻게 정하나요?
A. 1주, 2주, 4주 가운데 하나를 고르고, 받고 싶은 요일도 정할 수 있습니다.

Q. 정기 배송에도 할인 혜택이 있나요?
A. 회차마다 상품 가격의 5%를 할인하고 배송비를 받지 않습니다.

Q. 결제는 언제 되나요?
A. 배송일 3일 전에 등록한 카드나 달라페이로 자동 결제됩니다. 결제에 실패하면 다음 날 한 번 더 시도하고, 그래도 안 되면 그 회차를 건너뜁니다.

Q. 이번 회차만 건너뛸 수 있나요?
A. 결제 예정일 전날까지 [정기 배송 관리]에서 [이번 회차 건너뛰기]를 누르면 됩니다. 잇달아 건너뛸 수 있는 회차는 3회까지입니다.

Q. 정기 배송을 그만두려면 어떻게 하나요?
A. 결제 예정일 전날까지 [정기 배송 관리]에서 해지할 수 있으며, 해지 위약금은 없습니다. 해지하기 전에 이미 결제된 회차는 그대로 배송됩니다.

달라마켓 고객센터는 평일 오전 9시부터 오후 6시까지 운영한다.",FAQ
대량 구매 FAQ,"Q. 몇 개부터 대량 구매로 보나요?
A. 같은 상품을 50개 이상 사거나 한 번에 3,000,000원 이상 사는 주문을 대량 구매로 봅니다.

Q. 대량 구매는 어떻게 신청하나요?
A. 누리집 아래쪽의 [대량 구매 문의]에 상품, 수량, 받고 싶은 날짜를 적어 보내거나 bulk@example.com으로 메일을 보내 주세요. 담당자가 2영업일 안에 견적서를 보내 드립니다.

Q. 대량 구매도 할인을 받을 수 있나요?
A. 수량과 상품에 따라 견적서에 할인 금액을 적어 드립니다. 견적 가격으로 살 때에는 쿠폰과 적립금을 함께 쓸 수 없습니다.

Q. 세금계산서를 받을 수 있나요?
A. 사업자 회원은 결제한 뒤 세금계산서를 받을 수 있습니다. 견적을 요청할 때 사업자등록증 사본을 함께 보내 주세요.

Q. 나중에 한꺼번에 결제할 수도 있나요?
A. 심사를 통과한 사업자 회원은 한 달 동안 주문한 금액을 다음 달 10일까지 모아서 내는 후불 결제를 쓸 수 있습니다.

Q. 출고까지 얼마나 걸리나요?
A. 재고가 있으면 결제 후 3영업일, 판매자에게서 새로 받아야 하면 7영업일 안에 출고합니다.

Q. 대량 구매 상품도 반품할 수 있나요?
A. 불량이 아니면 반품할 수 없습니다. 받은 날부터 14일 안에 불량 수량을 알려 주시면 그만큼 새 상품으로 바꿔 드리거나 환불합니다.

달라마켓 고객센터는 평일 오전 9시부터 오후 6시까지 운영한다.",FAQ
새벽 배송 FAQ,"Q. 새벽 배송은 언제 받을 수 있나요?
A. 밤 11시까지 주문하면 다음 날 오전 7시 전에 문 앞에 놓아 드립니다. 공휴일에도 배송하며, 설과 추석 당일 아침에만 쉽니다.

Q. 어느 지역에서 새벽 배송을 받을 수 있나요?
A. 서울 전역과 경기, 인천의 일부 지역입니다. 주문서에 배송지를 넣으면 새벽 배송이 되는 곳인지 바로 알려 드립니다.

Q. 새벽 배송비는 얼마인가요?
A. 새벽 배송 상품을 40,000원 이상 담으면 무료이고, 그보다 적으면 3,500원을 받습니다. 새벽 배송은 일반 배송과 장바구니가 따로 계산됩니다.

Q. 공동현관 출입 방법은 어떻게 알려 주나요?
A. 주문서의 [출입 방법]에 공동현관 비밀번호나 경비실 호출 방법을 적어 주세요. 적어 주신 내용은 배송을 마치고 30일 뒤에 지웁니다.

Q. 주문한 뒤에 바꾸거나 취소할 수 있나요?
A. 밤 11시 전까지는 주문 내역에서 취소하거나 상품을 더 담을 수 있습니다. 11시가 지나면 포장이 시작되어 취소할 수 없습니다.

Q. 받은 상품이 녹거나 상했어요.
A. 신선식품의 상태가 좋지 않으면 받은 날 안에 사진을 찍어 1:1 문의에 올려 주세요. 확인한 뒤 상품을 돌려받지 않고 환불해 드립니다.

Q. 보냉 상자는 어떻게 하나요?
A. 다음 새벽 배송 때 상자를 접어 문 앞에 내놓으면 배송 기사가 가져갑니다.

달라마켓 고객센터는 평일 오전 9시부터 오후 6시까지 운영한다.",FAQ
인사평가 규정,"제1장 총칙
제1조(목적) 이 규정은 직원의 성과와 역량을 공정하게 평가하는 기준과 절차, 평가 결과의 활용 방법을 정한다.
제2조(평가 대상) ① 평가 기준일인 12월 31일에 재직 중이고 그해 3개월 이상 근무한 직원을 평가한다. ② 평가 기간 가운데 휴직한 기간이 6개월을 넘는 직원은 평가하지 않고 B등급을 준다.
제3조(평가 기간) 평가 기간은 1월 1일부터 12월 31일까지 1년이다.
제4조(중도 퇴직자) 평가 기준일 전에 퇴직한 직원은 평가하지 않는다.
제5조(일정 공지) 인사팀은 매년 11월 15일까지 그해 평가 일정과 평가표 양식을 공지한다.
제2장 평가 요소
제6조(평가 구성) 평가는 성과 평가 70%와 역량 평가 30%를 더하여 100점 만점으로 매긴다.
제7조(성과 점수 계산) 목표별 달성도는 탁월 100점, 우수 90점, 달성 80점, 미흡 60점, 부진 40점의 다섯 단계로 매기며, 각 점수에 목표 비중을 곱하여 더한다.
제8조(목표 설정) ① 직원은 매년 1월 31일까지 업무 목표 3~5개와 목표별 비중, 달성 기준을 인사 시스템에 적는다. ② 팀장은 2월 14일까지 목표를 검토하여 확정한다. ③ 확정된 목표는 같은 팀 안에서 서로 볼 수 있게 공개한다.
제9조(목표 미등록) 1월 31일까지 목표를 적지 않은 직원은 팀장이 정한 목표로 평가한다.
제10조(공동 목표) 팀 전체가 함께 이루는 공동 목표는 개인 목표 비중의 30%까지만 넣는다.
제11조(중간 점검) 7월에 팀장과 직원이 1:1 면담으로 목표 진행 상황을 점검하며, 업무가 크게 바뀌었으면 이때 목표를 고칠 수 있다.
제12조(역량 평가) 역량 평가는 다음 네 항목을 5점 척도로 매긴다.
1. 협업: 다른 사람이나 부서와 정보를 나누고 공동 과제를 함께 해내는 정도
2. 문제 해결: 문제의 원인을 찾아 실행할 수 있는 대안을 내는 정도
3. 고객 중심: 달라마켓 고객과 사내 고객의 요구를 업무에 반영하는 정도
4. 책임감: 맡은 일을 기한 안에 끝까지 마무리하는 정도
제13조(다면 평가) 팀장 이상 직책자의 역량 평가에는 팀원들이 익명으로 매긴 점수를 30% 반영한다.
제14조(수시 기록) 팀장과 직원은 평가 기간 동안 주요 성과와 개선할 점을 인사 시스템의 업무 기록란에 수시로 남기며, 이 기록을 평가 근거로 쓴다.
제3장 평가 절차
제15조(자기 평가) 직원은 12월 첫째 주 안에 목표별 달성 결과와 그 근거를 적어 자기 평가를 마친다.
제16조(1차 평가) 팀장은 12월 20일까지 팀원의 점수를 매기고 의견을 적는다.
제17조(파트 의견) 팀원이 15명을 넘는 팀의 팀장은 1차 평가 전에 파트 리더에게 팀원별 의견을 받아 참고할 수 있다.
제18조(2차 평가) 본부장은 1차 평가 결과를 검토하여 다음 해 1월 10일까지 조정하며, 1차 점수와 10점 넘게 차이 나게 조정하면 그 까닭을 적는다.
제19조(조정 회의) 본부장은 2차 평가 전인 1월 5일까지 소속 팀장들과 조정 회의를 열어 팀마다 다른 채점 기준을 맞춘다.
제20조(평가자 제척) 평가자가 평가 대상자와 가족 관계이면 평가에서 빠지고, 본부장이 지명한 다른 팀장이 대신 평가한다.
제21조(등급 결정) ① 최종 점수에 따라 본부 안에서 다음 비율로 등급을 나눈다.
1. S등급: 10%
2. A등급: 20%
3. B등급: 50%
4. C등급과 D등급: 합하여 20%
② 본부 인원이 10명보다 적으면 비율을 쓰지 않고 점수로 정한다. 90점 이상은 S, 80점 이상은 A, 65점 이상은 B, 50점 이상은 C, 50점 미만은 D등급이다.
제22조(평가자 교육) 처음 평가를 맡는 팀장은 평가를 시작하기 전에 평가자 교육 2시간을 듣는다.
제23조(부서 이동자 평가) 평가 기간 중 부서를 옮긴 직원에 대해서는 이전 팀장이 그 기간의 평가 의견을 남기고, 새 팀장이 그 의견을 반영하여 평가한다.
제4장 결과 통보와 이의 신청
제24조(결과 통보) 인사팀은 1월 20일에 직원별 최종 등급과 팀장 의견을 인사 시스템으로 알린다.
제25조(피드백 면담) 팀장은 결과가 통보된 뒤 2주 안에 팀원마다 30분 이상 피드백 면담을 한다.
제26조(공개 범위) 등급별 인원 분포는 본부 단위로만 공개하고, 개인의 등급은 본인에게만 알린다.
제27조(이의 신청) ① 결과에 동의하지 않는 직원은 통보일부터 7일 안에 근거를 붙여 이의를 신청한다. ② 인사위원회는 신청일부터 14일 안에 재심사하여 결과를 알리며, 재심사 결과로 평가를 확정한다.
제28조(계산 착오 정정) 점수 합산이나 등급 적용에 명백한 착오가 발견되면 인사팀이 직권으로 바로잡고, 바뀐 결과를 본인과 팀장에게 알린다.
제5장 결과 활용
제29조(활용) 평가 결과는 연봉 조정, 성과급, 승진 심사에 쓰며, 구체적인 반영 기준은 급여 규정과 인사 규정에서 정한다.
제30조(성과 개선 지원) 2년 잇달아 C등급 이하를 받은 직원에 대해서는 팀장이 3개월짜리 성과 개선 계획을 함께 세우고 매월 면담한다.
제31조(우수자 추천) 2년 잇달아 S등급을 받은 직원은 교육훈련 규정에 따른 해외 연수 대상자로 먼저 추천한다.
제32조(기록 보관) 평가 기록은 5년 동안 보관하며, 본인과 평가자, 인사팀만 열람할 수 있다.
부칙
제1조(시행일) 이 규정은 2022년 12월 1일부터 시행한다.

달라 주식회사 인사팀 · 문의 hr@example.com · 02-0000-0000",규정
반품 FAQ,"Q. 반품은 언제까지 신청할 수 있나요?
A. 단순 변심은 상품을 받은 날부터 7일 안에 신청할 수 있습니다. 상품에 문제가 있거나 주문과 다른 상품이 왔다면 받은 날부터 3개월 안에 신청하면 됩니다.

Q. 반품 배송비는 누가 내나요?
A. 단순 변심이면 고객님이 반품 배송비 3,000원을 냅니다. 무료 배송으로 받은 주문을 반품하면 처음 배송비 3,000원이 더해져 6,000원이 됩니다. 불량이나 오배송은 달라마켓이 모두 부담합니다.

Q. 반품할 상품은 어떻게 보내나요?
A. 마이페이지에서 반품을 신청하면 1~3영업일 안에 택배 기사가 신청한 주소로 찾아갑니다. 받았던 상자에 구성품을 모두 넣어 주세요.

Q. 반품이 안 되는 경우도 있나요?
A. 사용한 흔적이 있거나 포장을 뜯어 다시 팔 수 없는 상품, 주문을 받고 따로 만든 상품, 신선식품은 단순 변심으로 반품하기 어렵습니다. 이런 상품도 불량이면 반품할 수 있습니다.

Q. 다른 택배사로 직접 보내도 되나요?
A. 직접 보내시면 도착 확인이 늦어질 수 있어 권하지 않습니다. 이미 보냈다면 송장 번호를 1:1 문의에 남겨 주세요. 먼저 내신 배송비는 3,000원까지 적립금으로 돌려드립니다.

Q. 불량으로 반품했는데 불량이 아니라고 하면요?
A. 검수 결과 불량이 아니면 단순 변심 반품으로 바뀌어 반품 배송비를 뺀 금액을 환불합니다. 검수 결과는 사진과 함께 알림으로 보내 드립니다.

달라마켓 고객센터는 평일 오전 9시부터 오후 6시까지 운영한다.",FAQ
쿠폰 FAQ,"Q. 쿠폰에는 어떤 종류가 있나요?
A. 정해진 상품에만 쓰는 상품 쿠폰, 주문 금액 전체에 쓰는 장바구니 쿠폰, 배송비를 없애 주는 배송비 쿠폰이 있습니다.

Q. 한 주문에 쿠폰을 몇 장까지 쓸 수 있나요?
A. 상품 쿠폰은 상품마다 1장씩, 장바구니 쿠폰과 배송비 쿠폰은 주문마다 1장씩 함께 쓸 수 있습니다.

Q. 받은 쿠폰은 어디서 확인하나요?
A. 마이페이지 [쿠폰함]에서 쓸 수 있는 쿠폰의 유효기간과 최소 주문 금액을 볼 수 있습니다.

Q. 쿠폰 번호를 받았는데 어떻게 쓰나요?
A. [쿠폰함]의 [쿠폰 등록]에 번호를 넣으면 곧바로 쓸 수 있습니다. 쿠폰 번호는 영문 대문자와 숫자를 섞은 12자리입니다.

Q. 쿠폰을 쓴 주문을 일부만 취소하면요?
A. 남은 주문 금액이 쿠폰의 최소 주문 금액보다 적어지면 쿠폰 할인액을 빼고 돌려드립니다. 주문 전체를 취소하면 유효기간이 남은 쿠폰은 쿠폰함으로 돌아갑니다.

Q. 기간이 지난 쿠폰을 다시 받을 수 있나요?
A. 유효기간이 지난 쿠폰은 기간을 늘리거나 다시 발급하지 않습니다. 대신 기간이 끝나기 3일 전에 앱 알림으로 미리 알려 드립니다.

달라마켓 고객센터는 평일 오전 9시부터 오후 6시까지 운영한다.",FAQ
유연근무 규정,"제1조(목적) 이 규정은 직원이 출퇴근 시각이나 날마다 일하는 시간을 조정할 수 있는 유연근무의 종류와 운영 방법을 정한다.
제2조(종류) 유연근무는 시차출퇴근제와 선택적 근로시간제로 나눈다.
제3조(시차출퇴근제) ① 시차출퇴근제는 하루 8시간 근무를 지키면서 출근 시각을 오전 7시부터 오전 10시 사이에서 30분 단위로 고르는 제도이다. ② 퇴근 시각은 고른 출근 시각에 휴게시간을 포함한 9시간을 더한 때로 한다.
제4조(선택적 근로시간제) ① 선택적 근로시간제는 1개월의 총 근로시간을 정해 두고 날마다 일할 시간을 직원이 정하는 제도이다. ② 이 제도를 쓰는 직원도 오전 10시부터 오후 4시까지는 반드시 근무한다. ③ 하루 근무시간은 4시간 이상 12시간 이하로 한다.
제5조(대상) 수습을 마친 직원은 유연근무를 쓸 수 있다. 고객센터와 물류센터처럼 교대로 근무하는 부서는 부서장이 정한 시각의 시차출퇴근제만 쓴다.
제6조(신청) ① 시차출퇴근제는 적용할 달의 전달 20일까지 출근 시각을 정하여 인사 시스템에서 신청한다. ② 선택적 근로시간제는 분기 단위로 신청하며, 도입하는 부서는 직원 대표와 서면으로 합의한다.
제7조(시각 변경) 정해 둔 출근 시각은 한 달에 두 번까지, 하루 전에 부서장 승인을 받아 바꿀 수 있다.
제8조(근무 기록) 유연근무자도 근태 시스템에 출퇴근 시각을 남기며, 선택적 근로시간제를 쓰는 직원은 매주 금요일에 그 주까지의 누적 근무시간을 확인한다.
제9조(연장근로) 선택적 근로시간제에서는 1개월 총 근로시간을 넘긴 시간만 연장근로로 보며, 그중에서도 미리 승인받은 시간만 인정한다.
제10조(회의 시간) 부서 회의와 전사 회의는 오전 10시부터 오후 4시 사이에 잡는다.
제11조(재택근무와 함께 쓰기) 유연근무는 재택근무와 함께 쓸 수 있으며, 재택근무일의 근무 방법은 재택근무 규정을 따른다.
제12조(적용 중지) 부서장은 근무 기록을 자주 빠뜨리거나 반드시 근무해야 하는 시간을 지키지 않은 직원의 유연근무를 다음 달부터 3개월 동안 멈출 수 있다.
부칙
제1조(시행일) 이 규정은 2022년 9월 1일부터 시행한다.

달라 주식회사 인사팀 · 문의 hr@example.com · 02-0000-0000",규정
환불 FAQ,"Q. 환불은 언제 해 주나요?
A. 반품 상품이 물류센터에 도착해 검수를 마치면 1영업일 안에 결제사에 환불을 요청합니다. 출고 전에 취소한 주문은 취소한 날 바로 요청합니다.

Q. 결제 수단마다 돈이 돌아오는 데 얼마나 걸리나요?
A. 신용카드는 카드사 사정에 따라 3~5영업일, 계좌이체와 무통장입금은 1~2영업일, 달라페이는 1~3영업일이 걸립니다. 적립금과 상품권 잔액은 곧바로 돌아옵니다.

Q. 무통장입금으로 낸 돈은 어디로 돌려받나요?
A. 마이페이지 [환불 계좌]에 등록한 계좌로 보내 드립니다. 등록한 계좌가 없으면 환불 안내 알림을 받은 뒤 7일 안에 계좌를 등록해 주세요.

Q. 할부로 산 상품을 환불하면 할부 수수료는 어떻게 되나요?
A. 전체를 취소하면 할부 자체가 없어져 수수료가 생기지 않습니다. 일부만 취소하면 카드사 기준에 따라 이미 낸 수수료가 돌아오지 않을 수 있습니다.

Q. 환불 금액이 결제한 금액보다 적어요.
A. 반품 배송비, 부분 취소로 조건이 깨진 쿠폰 할인액, 무료 배송 조건이 깨져 생긴 배송비가 빠졌을 수 있습니다. 주문 상세 화면의 [환불 내역]에서 뺀 항목을 하나씩 볼 수 있습니다.

Q. 카드 대금을 이미 냈는데 환불되면요?
A. 카드 대금을 낸 뒤에 취소되면 카드사가 다음 달 청구 금액에서 빼거나 계좌로 돌려줍니다. 방식은 카드사마다 다르니 카드사에 확인해 주세요.

달라마켓 고객센터는 평일 오전 9시부터 오후 6시까지 운영한다.",FAQ
자산 관리 규정,"제1조(목적) 이 규정은 회사가 직원에게 지급하거나 빌려주는 업무용 자산의 지급, 관리, 반납 기준을 정한다.
제2조(자산의 범위) 이 규정에서 ""자산""이란 노트북, 모니터, 휴대전화, 사무용 가구처럼 산 값이 300,000원 이상이고 1년 넘게 쓰는 물품을 말한다.
제3조(자산 번호) 총무팀은 자산마다 번호 스티커를 붙이고, 자산 관리 시스템에 사용자, 놓인 곳, 산 날을 적는다.
제4조(노트북 지급) ① 신규 입사자에게는 입사일에 노트북 1대를 준다. ② 개발 직군에는 고성능 사양을, 그 밖의 직군에는 표준 사양을 준다.
제5조(휴대전화 지급) 외부 연락이 많은 영업 파트장과 고객지원 파트장에게는 업무용 휴대전화를 준다. 요금은 회사가 내며, 직원은 이 전화를 개인 용도로 쓰지 않는다.
제6조(교체 주기) 노트북은 4년, 모니터는 6년이 지나면 교체를 신청할 수 있다. 고장 난 자산의 수리비가 남은 가치의 절반을 넘으면 기간이 차지 않았어도 바꾼다.
제7조(부서 이동) 부서를 옮기는 직원은 노트북과 휴대전화는 가지고 가고, 책상과 의자 같은 가구는 원래 자리에 둔다.
제8조(변경 등록) 자산을 다른 직원에게 넘기거나 놓인 곳을 옮기면 3영업일 안에 자산 관리 시스템의 사용자와 위치를 고친다.
제9조(파손과 분실) ① 고의나 중대한 과실로 자산을 망가뜨리거나 잃어버린 직원은 수리비나 남은 가치의 50%를 부담한다. ② 도난당한 경우에는 경찰 신고 확인서를 내면 부담하지 않는다.
제10조(재고 조사) 총무팀은 매년 6월과 12월에 자산 재고 조사를 하며, 직원은 조사 기간 안에 시스템에서 자기가 가진 자산을 확인한다.
제11조(반납) 퇴직하는 직원은 퇴직일까지 모든 자산을 총무팀에 돌려준다. 돌려받은 노트북은 정보보안팀이 저장된 자료를 지운 뒤 다시 쓴다.
제12조(불용 처리) 쓸 수 없게 된 자산은 해마다 한 번 모아 자료 삭제를 확인한 뒤 재활용 업체에 넘기고, 아직 쓸 만한 물품은 사회복지 기관에 기부한다.
부칙
제1조(시행일) 이 규정은 2022년 6월 1일부터 시행한다.

달라 주식회사 인사팀 · 문의 hr@example.com · 02-0000-0000",규정
경비 지출 및 법인카드 규정,"제1장 총칙
제1조(목적) 이 규정은 회사 경비를 쓰는 기준, 법인카드의 발급과 사용, 경비 정산 절차를 정한다.
제2조(원칙) 경비는 업무와 직접 관련된 데에만 쓰며, 같은 목적의 지출을 여러 건으로 나누어 결재 한도를 피하지 않는다.
제3조(결재 한도) 한 건의 지출은 금액에 따라 다음 사람이 승인한다.
1. 500,000원 이하: 팀장
2. 500,000원 초과 5,000,000원 이하: 본부장
3. 5,000,000원 초과: 대표이사
제4조(부서 예산) ① 부서 예산은 매년 1월에 확정한다. ② 확정된 예산을 넘는 지출은 재무팀과 협의한 뒤 본부장의 승인을 받는다.
제2장 법인카드
제5조(발급) ① 재무팀은 팀장 이상 직책자와 부서장이 추천한 업무 담당자에게 법인카드를 발급한다. ② 카드마다 월 사용 한도를 두며, 팀장 카드는 월 3,000,000원, 담당자 카드는 월 1,000,000원을 기본으로 한다.
제6조(한도 증액) 행사나 출장 때문에 한도가 일시적으로 더 필요하면 본부장 승인을 받아 재무팀에 증액을 신청하며, 늘린 한도는 신청한 달에만 적용한다.
제7조(사용 제한) 법인카드는 다음 경우에 쓸 수 없다.
1. 유흥주점, 사행 업소, 골프장에서의 결제
2. 상품권이나 선불카드 구매
3. 개인 물품 구매
4. 오후 11시부터 다음 날 오전 6시 사이의 결제(출장 중 숙박비와 교통비는 뺀다)
제8조(분실과 반납) ① 법인카드를 잃어버리면 곧바로 카드사에 사용 정지를 요청하고 재무팀에 알린다. ② 퇴직하거나 직책이 바뀌어 카드가 필요 없어진 직원은 7일 안에 재무팀에 카드를 돌려준다.
제9조(대리 사용 금지) 법인카드는 발급받은 사람만 쓰며, 다른 직원에게 빌려주거나 카드 번호를 알려 주지 않는다.
제10조(카드 포인트) 법인카드를 써서 쌓인 포인트와 할인 혜택은 회사에 속하며, 사용자가 개인적으로 쓰지 않는다.
제11조(자동 결제) 법인카드로 자동 결제하는 서비스의 담당자가 바뀌면 7일 안에 결제 카드를 새 담당자의 카드로 바꾼다.
제3장 항목별 기준
제12조(회의비) 사내 회의에서 먹는 다과와 식사는 참석자 한 사람당 15,000원까지 인정한다.
제13조(업무 추진비) 거래처와의 식사 비용은 참석자 한 사람당 50,000원까지 쓰며, 영수증에 거래처 이름과 참석 인원을 적는다. 선물과 접대의 허용 범위는 선물·접대 규정도 함께 따른다.
제14조(거래처 경조사비) 거래처 임직원의 경조사에 내는 부조금은 한 번에 100,000원까지로 하며, 화환은 총무팀을 통하여 보낸다.
제15조(기부와 후원) 회사 이름으로 내는 기부금과 후원금은 금액과 관계없이 대표이사의 승인을 받는다.
제16조(야근 식대) 오후 8시를 넘겨 연장근로를 한 직원은 한 사람당 12,000원까지 저녁 식대를 법인카드로 낼 수 있다.
제17조(귀가 택시비) 오후 11시를 넘겨 일한 직원의 귀가 택시비는 실비로 인정하되, 본인이 먼저 내고 개인 경비로 청구한다.
제18조(현금 지출) 현금은 법인카드를 받지 않는 곳에서 한 건 100,000원 이하일 때만 쓰며, 반드시 현금영수증을 받는다.
제19조(도서와 구독) 업무에 필요한 도서와 온라인 구독 서비스는 팀장 승인을 받아 한 사람당 월 50,000원까지 산다.
제20조(소모품) 사무용 소모품은 총무팀이 한꺼번에 사서 나누어 준다. 부서가 따로 살 때는 한 번에 200,000원을 넘지 못한다.
제21조(해외 결제) 해외 온라인 서비스 요금은 카드 청구일의 환율로 원화로 정산하며, 해외 결제 수수료도 경비로 인정한다.
제22조(장기 선결제) 6개월 넘는 기간의 요금을 한 번에 미리 내는 계약은 결제하기 전에 재무팀과 협의한다.
제4장 개인 경비 청구
제23조(청구 대상) 법인카드를 쓸 수 없는 상황에서 직원이 자기 돈으로 업무 경비를 냈다면 개인 경비로 청구할 수 있다.
제24조(청구 기한) 개인 경비는 쓴 날부터 30일 안에 영수증을 붙여 경비 시스템에서 청구한다. 기한을 넘긴 청구는 본부장이 사유를 인정할 때에만 받는다.
제25조(지급일) 승인된 개인 경비는 매월 10일과 25일에 직원의 급여 계좌로 보낸다.
제5장 정산과 점검
제26조(증빙) ① 모든 지출에는 카드 전표, 세금계산서, 현금영수증 가운데 하나를 증빙으로 붙인다. ② 30,000원이 넘는 지출은 간이영수증만으로 인정하지 않는다.
제27조(세금계산서) 공급가액이 1,000,000원 이상인 구매는 세금계산서를 받고, 거래처의 사업자등록번호를 경비 시스템에 적는다.
제28조(정산 마감) 법인카드 사용자는 다음 달 5일까지 경비 시스템에 사용 내역별 용도와 증빙을 넣어 정산을 마친다.
제29조(입력 항목) 정산할 때에는 사용 목적, 함께한 사람의 소속과 인원, 관련 프로젝트 코드를 적으며, 프로젝트와 관계없는 지출은 부서 공통 코드를 쓴다.
제30조(미정산 카드 정지) 두 달 잇달아 정산을 마치지 않은 카드는 재무팀이 사용을 멈추고, 정산이 끝난 날 다시 풀어 준다.
제31조(표본 점검) 재무팀은 분기마다 법인카드 사용 내역을 표본으로 뽑아 점검하고, 규정 위반이 의심되면 사용자에게 소명을 요청한다.
제32조(환수) 업무와 관계없는 지출이나 한도를 넘긴 지출은 사용자가 회사에 갚으며, 30일 안에 갚지 않으면 다음 달 급여에서 뗀다.
제33조(증빙 보관) 종이 증빙 원본은 재무팀이 5년 동안 보관하고, 전자 증빙은 경비 시스템에 같은 기간 저장한다.
부칙
제1조(시행일) 이 규정은 2023년 10월 1일부터 시행한다.

달라 주식회사 인사팀 · 문의 hr@example.com · 02-0000-0000",규정
취업규칙,"제1장 총칙
제1조(목적) 이 규칙은 달라 주식회사(이하 ""회사""라 한다) 직원의 채용, 복무, 근로시간, 휴일, 퇴직 등 근로조건의 기본 사항을 정하는 것을 목적으로 한다.
제2조(적용 범위) ① 이 규칙은 회사와 근로계약을 맺은 모든 직원에게 적용한다. ② 개별 근로계약서에 정한 조건이 이 규칙보다 직원에게 유리하면 근로계약서의 조건을 따른다.
제3조(용어) 이 규칙에서 ""직원""이란 기간의 정함이 없는 정규직과 기간제 계약직을 말하고, ""부서장""이란 팀장 이상의 직책을 맡은 사람을 말한다.
제2장 채용과 근로계약
제4조(입사 서류) 채용이 확정된 사람은 입사일 전까지 다음 서류를 인사팀에 낸다.
1. 서명한 근로계약서 2부
2. 최종 학력 증명서와 경력 증명서 각 1부
3. 급여를 받을 본인 명의 통장 사본 1부
4. 개인정보 수집·이용 동의서 1부
제5조(수습 기간) ① 신규 입사자의 수습 기간은 입사일부터 3개월로 한다. ② 수습 기간에도 근로계약서에 정한 기본급 전액을 지급한다. ③ 부서장은 수습이 끝나기 2주 전까지 수습 평가서를 인사팀에 제출하며, 평가 결과가 미흡하면 수습 기간을 한 번에 한하여 3개월 늘릴 수 있다.
제6조(근로계약서의 내용) 근로계약서에는 임금, 소정근로시간, 휴일, 연차휴가, 근무 장소, 담당 업무를 적고, 양쪽이 서명한 계약서 1부를 직원에게 준다.
제3장 복무
제7조(복무 의무) 직원은 다음 사항을 지킨다.
1. 맡은 업무를 성실히 수행하고 상사의 정당한 업무 지시에 따른다.
2. 업무상 알게 된 회사와 고객의 정보를 외부에 알리지 않는다.
3. 회사의 허가 없이 다른 영리 업무에 종사하지 않으며, 세부 기준은 겸직 및 이해충돌 방지 규정을 따른다.
4. 회사 자산을 업무 목적 밖에서 쓰지 않는다.
제8조(출퇴근 기록) ① 직원은 출근과 퇴근 때 사내 근태 시스템에 시각을 남긴다. ② 기록을 빠뜨렸으면 3영업일 안에 부서장 확인을 받아 근태 정정을 신청한다.
제9조(지각·조퇴·외출) ① 지각, 조퇴, 근무 중 외출을 하려는 직원은 미리 부서장의 승인을 받는다. 부득이하게 미리 승인받지 못했으면 그날 안에 사유를 알린다. ② 지각, 조퇴, 외출로 일하지 못한 시간은 합산하여 8시간마다 연차휴가 1일로 차감한다.
제10조(결근) 질병 등으로 출근하지 못하는 직원은 당일 오전 10시까지 부서장에게 알리고, 사흘 이상 이어서 결근하면 의사 진단서를 낸다.
제11조(괴롭힘과 성희롱 금지) 직원은 직장 내 괴롭힘과 성희롱을 해서는 안 되며, 신고와 조사 절차는 직장 내 괴롭힘 예방 규정에서 정한다.
제12조(인사 기록 변경) 직원은 주소, 연락처, 부양가족처럼 인사 기록에 적힌 사항이 바뀌면 14일 안에 인사 시스템에서 고친다.
제4장 근로시간과 휴일
제13조(근로시간) ① 1일 소정근로시간은 휴게시간을 빼고 8시간, 1주 소정근로시간은 40시간으로 한다. ② 시업 시각은 오전 9시, 종업 시각은 오후 6시로 한다. ③ 시차출퇴근을 신청한 직원의 시업·종업 시각은 유연근무 규정에 따른다.
제14조(휴게시간) 휴게시간은 낮 12시부터 오후 1시까지로 하되, 업무 사정에 따라 부서장이 30분 범위에서 앞당기거나 늦출 수 있다.
제15조(연장·야간·휴일근로) ① 연장근로는 1주 12시간을 넘지 못하며, 직원이 근태 시스템으로 신청하고 부서장이 미리 승인한 시간만 인정한다. ② 오후 10시부터 다음 날 오전 6시까지 일한 시간은 야간근로로 본다. ③ 연장·야간·휴일근로 수당은 급여 규정에 정한 방법으로 계산하여 다음 달 급여일에 준다.
제16조(휴일) 회사의 휴일은 다음과 같다.
1. 주휴일: 매주 일요일
2. 무급 휴무일: 매주 토요일
3. 관공서의 공휴일과 대체공휴일
4. 근로자의 날(5월 1일)
5. 회사 창립기념일(4월 12일)
제17조(휴일 대체) 업무상 꼭 필요하면 회사는 직원 대표와 서면으로 합의하여 공휴일을 다른 근무일로 바꿀 수 있으며, 바꾼 날은 적어도 7일 전에 알린다.
제18조(휴가) 연차휴가, 경조휴가, 병가 등 휴가의 종류와 쓰는 절차는 휴가 규정에서 정한다.
제5장 퇴직과 해고
제19조(퇴직 사유) 직원은 다음 각 호의 어느 하나에 해당하면 퇴직한다.
1. 본인이 사직을 원하여 회사가 사직서를 수리한 때
2. 근로계약 기간이 끝난 때
3. 정년에 이른 때
4. 사망한 때
제20조(사직 절차) 사직하려는 직원은 퇴직 희망일 30일 전까지 인사 시스템으로 사직서를 내고, 퇴직일까지 업무 인수인계를 마친다. 자세한 절차는 퇴직 절차 규정에서 정한다.
제21조(정년) 직원의 정년은 만 60세로 하며, 정년에 이른 날이 속한 달의 말일에 퇴직한다.
제22조(해고) 회사는 정당한 이유 없이 직원을 해고하지 않는다. 해고하려면 인사위원회 심의를 거친 뒤 해고 사유와 시기를 적은 서면으로 30일 전에 알린다.
제23조(퇴직금) 1년 이상 근무한 직원이 퇴직하면 계속근로기간 1년마다 30일분 이상의 평균임금을 퇴직금으로 주며, 퇴직연금에 가입한 직원은 가입한 제도의 규약을 따른다.
제6장 표창, 징계, 보칙
제24조(표창) 회사 발전에 공이 큰 직원이나 부서는 매년 창립기념일에 표창한다.
제25조(징계) 징계의 사유, 종류, 절차는 포상 및 징계 규정에서 정한다.
제26조(규칙의 변경) 회사가 이 규칙을 바꿀 때에는 직원 과반수의 의견을 듣고, 직원에게 불리하게 바꿀 때에는 직원 과반수의 동의를 받는다.
부칙
제1조(시행일) 이 규칙은 2021년 3월 2일부터 시행한다.

달라 주식회사 인사팀 · 문의 hr@example.com · 02-0000-0000",규정
직무 발명 보상 규정,"제1조(목적) 이 규정은 직원이 업무를 하며 이룬 발명의 신고, 권리 승계, 보상 기준을 정한다.
제2조(정의) ""직무 발명""이란 직원이 맡은 업무와 관련하여 한 발명으로서 회사의 업무 범위에 속하는 것을 말하며, 소프트웨어의 새로운 처리 방법과 상품 추천 방식도 포함한다.
제3조(발명 신고) 직무 발명을 한 직원은 발명을 마친 날부터 30일 안에 발명 신고서를 법무팀에 낸다. 여러 사람이 함께 발명했으면 신고서에 사람마다 기여율을 적는다.
제4조(승계 결정) 회사는 신고서를 받은 날부터 4개월 안에 권리를 넘겨받을지 정하여 발명자에게 알린다. 그 기간 안에 알리지 않으면 넘겨받지 않는 것으로 본다.
제5조(발명심의위원회) 승계 여부와 보상액은 법무팀장, 개발본부장, 외부 변리사 1명으로 이루어진 발명심의위원회가 정한다.
제6조(출원 보상) 회사가 권리를 넘겨받아 특허를 출원하면 발명자에게 한 건당 500,000원을 준다.
제7조(등록 보상) 특허가 등록되면 한 건당 1,500,000원을 주며, 외국에서도 등록되면 나라마다 500,000원을 더 준다.
제8조(실시 보상) 회사가 그 발명을 써서 이익을 내면 등록 후 5년 동안 해마다 그 이익의 2%를 발명자에게 주되, 한 해에 30,000,000원을 넘지 않는다.
제9조(처분 보상) 회사가 권리를 다른 회사에 팔거나 쓰도록 허락하여 돈을 받으면 받은 금액의 10%를 발명자에게 준다.
제10조(공동 발명) 여러 사람이 함께 한 발명의 보상금은 신고서에 적은 기여율에 따라 나눈다.
제11조(퇴직 후 보상) 발명자가 퇴직해도 보상받을 권리는 그대로 남으며, 회사는 퇴직자가 알려 준 계좌로 보상금을 보낸다.
제12조(비밀 유지) 발명자는 출원하기 전까지 발명 내용을 외부에 알리거나 학회에서 발표하지 않는다.
제13조(이의 신청) 보상액에 동의하지 않는 발명자는 통보받은 날부터 30일 안에 이의를 신청할 수 있으며, 위원회는 60일 안에 다시 심의한다.
부칙
제1조(시행일) 이 규정은 2022년 5월 1일부터 시행한다.

달라 주식회사 인사팀 · 문의 hr@example.com · 02-0000-0000",규정
포상 및 징계 규정,"제1장 포상
제1조(목적) 이 규정은 직원에 대한 포상과 징계의 사유, 종류, 절차를 정한다.
제2조(포상 사유) 다음 각 호에 해당하는 직원이나 부서는 포상할 수 있다.
1. 회사의 매출이나 이익을 크게 늘린 경우
2. 업무 방식을 고쳐 비용을 크게 줄인 경우
3. 고객 칭찬이 여러 차례 접수된 경우
4. 사고를 미리 막아 회사의 손실을 줄인 경우
제3조(포상 종류) 포상은 대표이사 표창과 본부장 표창으로 나누며, 대표이사 표창에는 상금 1,000,000원을, 본부장 표창에는 상금 300,000원을 준다.
제4조(포상 추천) 부서장은 매년 2월 말까지 포상 대상자를 추천하고, 인사위원회가 심사한다.
제2장 징계
제5조(징계 사유) 다음 각 호에 해당하는 직원은 징계할 수 있다.
1. 회사 규정을 어겨 회사에 손해를 끼친 경우
2. 정당한 이유 없이 한 달에 사흘 넘게 무단결근한 경우
3. 회사나 고객의 정보를 허락 없이 밖으로 빼낸 경우
4. 직장 내 괴롭힘이나 성희롱을 한 경우
5. 회사의 돈이나 물품을 사사로이 쓴 경우
제6조(징계 종류) 징계는 가벼운 것부터 다음 순서로 나눈다.
1. 견책: 시말서를 받고 잘못을 꾸짖는다.
2. 감급: 한 번에 깎는 금액은 1일 평균임금의 절반을 넘지 않고, 깎는 총액은 한 달 임금 총액의 10분의 1을 넘지 않는다.
3. 정직: 1개월 이상 3개월 이하로 출근을 멈추게 하며, 그 기간에는 임금을 주지 않는다.
4. 해고: 근로계약을 끝낸다.
제7조(징계 절차) ① 인사위원회는 회의 7일 전까지 징계 대상자에게 회의 날짜와 징계 사유를 서면으로 알린다. ② 대상자는 회의에 나와 말로 소명하거나 서면으로 소명할 수 있다. ③ 징계는 출석 위원 3분의 2 이상이 찬성하여야 의결한다.
제8조(징계 통보) 징계가 정해지면 인사팀은 징계 종류, 사유, 시작일을 적은 통지서를 대상자에게 준다.
제9조(재심) 징계에 이의가 있는 직원은 통지를 받은 날부터 10일 안에 재심을 신청할 수 있으며, 위원회는 20일 안에 재심 결과를 알린다.
제10조(감경) 잘못을 스스로 알리고 피해를 되돌리려고 애쓴 직원이나 포상을 받은 적이 있는 직원은 징계를 한 단계 낮출 수 있다. 다만 고객 정보 유출과 성희롱은 낮추지 않는다.
제11조(징계 시효) 징계 사유가 생긴 날부터 3년이 지나면 징계하지 않는다.
제12조(기록 말소) 징계 기록은 견책은 1년, 감급은 2년, 정직은 3년이 지나면 인사 기록에서 지운다.
제13조(말소의 효과) 징계 기록이 지워진 뒤에는 그 징계를 이유로 승진이나 배치에서 불리하게 대하지 않는다.
제14조(조사 중 대기 발령) 징계 절차가 진행 중인 직원은 인사 규정에 따라 대기 발령할 수 있다.
부칙
제1조(시행일) 이 규정은 2021년 6월 1일부터 시행한다.

달라 주식회사 인사팀 · 문의 hr@example.com · 02-0000-0000",규정
고객 응대 및 민원 처리 규정,"제1장 총칙
제1조(목적) 이 규정은 달라마켓 고객의 문의와 민원을 빠르고 한결같게 처리하려고 고객지원팀과 관련 부서가 따를 기준을 정한다.
제2조(용어) ① ""문의""란 이용 방법을 묻는 것을 말한다. ② ""민원""이란 불만을 알리고 조치를 요구하는 것을 말한다. ③ ""긴급 민원""이란 상품으로 인한 안전사고, 개인정보 유출 의심, 1,000,000원이 넘는 결제 오류에 관한 민원을 말한다.
제2장 응대
제3조(운영 시간) ① 전화 상담은 평일 오전 9시부터 오후 6시까지 하며, 낮 12시부터 오후 1시까지는 쉰다. ② 채팅 상담은 평일 오전 9시부터 오후 10시까지, 주말과 공휴일에는 오전 10시부터 오후 5시까지 한다.
제4조(게시판 답변) 1:1 문의 게시판에 올라온 글은 접수 후 24시간 안에 첫 답변을 하며, 주말에 올라온 글은 다음 영업일 정오까지 답한다.
제5조(본인 확인) 주문 내역이나 개인정보를 안내하기 전에 가입한 휴대전화로 보낸 인증번호로 본인임을 확인한다.
제6조(응대 원칙) 상담원은 규정에 없는 보상을 약속하지 않으며, 판단하기 어려운 건은 파트장에게 넘긴다.
제7조(상담 기록) 상담원은 상담이 끝나면 문의 내용, 안내한 내용, 약속한 후속 조치를 고객 관리 시스템에 적는다.
제3장 민원 처리
제8조(접수와 분류) 민원은 고객 관리 시스템에 등록하고 배송, 상품, 결제, 회원의 네 유형으로 나눈다.
제9조(처리 기한) 일반 민원은 3영업일 안에, 입점 판매자의 확인이 필요한 민원은 5영업일 안에 결과를 안내한다. 기한 안에 끝내지 못하면 예상 완료일을 고객에게 먼저 알린다.
제10조(긴급 민원) 긴급 민원은 접수한 때부터 1시간 안에 담당 부서장에게 보고한다. 개인정보와 관련된 건은 개인정보 처리 규정의 절차도 따른다.
제11조(휴일 당번) 주말과 공휴일에는 당번 파트장 1명이 긴급 민원을 받아 처리한다.
제12조(반복 문의) 같은 건으로 세 번 넘게 문의한 고객에게는 파트장이 직접 연락하여 마무리한다.
제13조(보상 기준) ① 회사 잘못으로 약속한 도착일보다 3영업일 넘게 배송이 늦어지면 적립금 3,000원을 준다. ② 상담원은 한 건에 10,000원까지 적립금 보상을 스스로 정할 수 있고, 그보다 크면 파트장, 50,000원을 넘으면 고객지원팀장의 승인을 받는다.
제14조(판매자 협조) 입점 판매자 상품에 관한 민원은 판매자에게 넘기며, 판매자는 2영업일 안에 회신한다. 회신이 없으면 달라마켓이 먼저 환불하고 그 금액을 판매자 정산에서 뺀다.
제4장 상담원 보호와 품질 관리
제15조(폭언 대응) 고객이 욕설이나 성희롱 발언을 하면 상담원은 한 번 경고한 뒤 상담을 끝낼 수 있고, 그 뒤 30분 동안 쉰다. 같은 일을 되풀이하는 고객의 상담은 전담 상담원에게 넘긴다.
제16조(품질 평가) 파트장은 매월 상담원마다 상담 20건을 골라 평가하고, 결과를 코칭에 쓴다.
제17조(만족도 조사) 상담이 끝나면 고객에게 만족도 조사 문자를 보낸다. 5점 만점 평균이 4.0보다 낮은 달에는 고객지원팀이 원인을 분석하여 보고한다.
제18조(개선 회의) 고객지원팀은 매월 첫째 주에 지난달 가장 많이 들어온 민원 유형 5개를 관련 부서와 함께 검토하여 개선 과제를 정한다.
부칙
제1조(시행일) 이 규정은 2023년 11월 1일부터 시행한다.

달라 주식회사 인사팀 · 문의 hr@example.com · 02-0000-0000",규정
선물하기 FAQ,"Q. 받는 분의 주소를 몰라도 선물할 수 있나요?
A. 받는 분의 휴대전화 번호만 알면 됩니다. 선물 알림을 받은 분이 직접 배송지를 입력합니다.

Q. 받는 분이 배송지를 입력하지 않으면 어떻게 되나요?
A. 선물을 보낸 날부터 7일 안에 배송지를 입력하지 않으면 주문이 자동으로 취소되고, 보낸 분의 결제 수단으로 환불됩니다.

Q. 받는 분이 옵션을 바꿀 수 있나요?
A. 가격이 같은 옵션끼리는 배송지 입력 화면에서 색상이나 크기를 바꿀 수 있습니다.

Q. 메시지 카드를 넣을 수 있나요?
A. 100자까지 메시지를 적을 수 있으며, 선물 알림과 함께 전해집니다. 받는 분에게는 상품 가격이 보이지 않습니다.

Q. 받은 선물을 교환하거나 반품할 수 있나요?
A. 받는 분도 받은 날부터 7일 안에 옵션 교환을 신청할 수 있습니다. 반품하면 돈은 보낸 분에게 돌아가고, 보낸 분에게는 반품되었다는 사실만 알려 드립니다.

Q. 선물하기로 살 수 없는 상품도 있나요?
A. 설치 상품, 정기 배송 상품, 해외 배송 상품은 선물하기로 주문할 수 없습니다.

달라마켓 고객센터는 평일 오전 9시부터 오후 6시까지 운영한다.",FAQ
교육훈련 규정,"제1장 총칙
제1조(목적) 이 규정은 직원의 직무 능력을 키우는 교육의 종류, 이수 기준, 비용 지원 방법을 정한다.
제2조(교육의 종류) 교육은 필수 교육, 직무 교육, 리더십 교육, 자기계발 지원으로 나눈다.
제3조(주관 부서) 교육 계획을 세우고 운영하는 일은 인사팀 인재개발 담당이 맡는다.
제4조(연간 계획) 인사팀은 매년 12월에 다음 해 교육 계획과 예산을 세워 경영회의의 승인을 받고, 1월에 사내 게시판에 공지한다.
제5조(부서 예산) 부서별 교육 예산은 소속 직원 한 사람당 1년 800,000원을 기준으로 나누어 준다.
제6조(학습 플랫폼) 회사는 모든 직원에게 온라인 학습 플랫폼 계정을 주며, 직원은 강좌 수 제한 없이 들을 수 있다.
제2장 필수 교육
제7조(연간 필수 교육) 모든 직원은 해마다 다음 교육을 듣는다.
1. 직장 내 성희롱 예방 교육 1시간
2. 직장 내 괴롭힘 예방 교육 1시간
3. 개인정보 보호 교육 1시간
4. 정보보안 교육 2시간
5. 산업안전보건 교육(물류센터 근무자는 분기마다 3시간)
제8조(입문 교육) 신규 입사자는 입사 첫 주에 회사 소개, 제도 안내, 업무 시스템 사용법을 다루는 입문 교육 16시간을 듣는다.
제9조(이해도 확인) 입문 교육 마지막 날에는 이해도 확인 문제를 풀며, 60점에 못 미친 직원은 2주 안에 보충 교육 2시간을 듣는다.
제10조(멘토링) 입사 후 3개월 동안 같은 팀의 선배 한 명을 멘토로 붙이며, 멘토에게는 월 100,000원의 멘토링 활동비를 준다.
제11조(멘토 교육) 처음 멘토로 지정된 직원은 멘토링을 시작하기 전에 멘토 안내 교육 1시간을 듣는다.
제12조(미이수 처리) 필수 교육을 12월 31일까지 마치지 못한 직원은 다음 해 승진 심사에서 필수 교육 미이수자로 본다.
제13조(교육 우선) 필수 교육 일정과 업무가 겹치면 교육 참석을 먼저 하며, 팀장은 그에 맞추어 업무를 조정한다.
제3장 직무 교육과 리더십 교육
제14조(직무 교육 시간) ① 직원은 해마다 직무 교육을 20시간 이상 듣는다. ② 사내 강의, 온라인 강좌, 외부 위탁 교육을 모두 직무 교육 시간으로 인정한다.
제15조(교육 계획 면담) 팀장은 연초 목표 설정 면담 때 팀원마다 그해에 들을 직무 교육을 함께 정한다.
제16조(외부 교육 신청) 외부 교육을 들으려면 교육 시작 10영업일 전까지 교육 계획서를 내고 팀장 승인을 받는다. 교육비가 1,000,000원을 넘으면 본부장 승인도 받는다.
제17조(교육 시간의 처리) 근무시간 중에 받는 교육은 근무로 인정하고, 회사가 지시하여 휴일에 받은 교육은 휴일근로로 본다.
제18조(교육 출장) 외부 교육을 받으러 먼 지역이나 국외로 가면 교통비와 숙박비는 출장비 규정에 따라 준다.
제19조(외부 교육 공유) 외부 교육을 마친 직원은 받은 교재와 요약을 사내 지식 게시판에 올린다.
제20조(신임 팀장 과정) 새로 팀장이 된 직원은 임명 후 6개월 안에 신임 팀장 과정 24시간을 마친다.
제21조(사내 강사) 사내 강의를 맡은 직원에게는 강의 1시간에 100,000원의 강사료를 주며, 강의 준비 시간은 근무시간으로 인정한다.
제4장 자기계발 지원
제22조(어학 지원) 업무에 외국어가 필요한 직원에게는 어학 강좌 수강료를 월 200,000원까지 지원한다. 출석률이 80%에 못 미치는 달은 지원하지 않는다.
제23조(어학 시험) 회사가 인정하는 공인 어학 시험의 응시료는 한 사람에게 1년에 한 번 지원한다.
제24조(자격증 응시료) 회사가 지정한 자격증 시험의 응시료는 합격하면 전액, 떨어지면 50%를 지원하며, 같은 시험은 1년에 두 번까지만 지원한다.
제25조(학습 모임) 직원 5명 이상이 업무와 관련된 학습 모임을 만들어 인사팀에 등록하면 분기마다 도서 구입비와 강사료를 300,000원까지 지원한다.
제26조(학위 과정) ① 근속 3년 이상인 직원이 업무와 관련된 대학원 과정에 다니면 학기마다 등록금의 50%를 3,000,000원 한도에서 지원한다. ② 지원을 받은 직원은 과정을 마친 뒤 2년 동안 근무해야 하며, 그 전에 퇴직하면 채우지 못한 기간에 비례하여 지원금을 돌려준다.
제27조(도서 구입) 자기계발 도서는 복지포인트로 사고, 업무용 도서는 경비 지출 및 법인카드 규정에 따라 산다.
제28조(해외 연수) 회사는 해마다 우수 직원을 5명 이내로 뽑아 2주 동안 해외 연수를 보내며, 대상자는 인사위원회가 선발한다.
제29조(콘퍼런스 참가) 업무와 관련된 콘퍼런스 참가비는 한 사람당 1년에 1,500,000원까지 지원하며, 참가자는 돌아온 날부터 14일 안에 팀에 내용을 발표한다.
제5장 평가와 기록
제30조(이수 인정) 교육을 마친 직원은 이수증이나 출석 확인서를 인사 시스템에 올린다. 온라인 강좌는 진도율 90% 이상, 평가 점수 60점 이상이어야 이수로 인정한다.
제31조(만족도 조사) 교육이 끝나면 참가자 설문을 받으며, 인사팀은 만족도가 5점 만점에 3점보다 낮은 과정을 다음 해 계획에서 다시 검토한다.
제32조(교육 이력) 교육 이력은 인사 기록에 남기고, 승진 심사와 인사평가의 참고 자료로 쓴다.
제33조(비용 환수) 출석을 거짓으로 꾸미거나 지원받은 과정을 정당한 사유 없이 그만둔 직원은 지원받은 금액을 모두 돌려준다.
부칙
제1조(시행일) 이 규정은 2022년 3월 1일부터 시행한다.

달라 주식회사 인사팀 · 문의 hr@example.com · 02-0000-0000",규정
이벤트·경품 FAQ,"Q. 진행 중인 이벤트는 어디서 보나요?
A. 앱 첫 화면의 [이벤트] 메뉴에서 진행 중인 이벤트와 끝난 이벤트의 당첨자 발표를 볼 수 있습니다.

Q. 당첨되었는지 어떻게 알 수 있나요?
A. 발표일에 이벤트 페이지에 아이디 일부를 가려 공지하고, 당첨된 분께는 문자로 따로 알려 드립니다.

Q. 경품을 받으려면 무엇을 해야 하나요?
A. 당첨 문자를 받은 날부터 14일 안에 [이벤트 당첨 내역]에서 배송지와 받는 분 정보를 입력해 주세요. 기간 안에 입력하지 않으면 당첨이 취소됩니다.

Q. 경품에도 세금이 붙나요?
A. 경품 가격이 50,000원을 넘으면 경품 가격의 22%에 해당하는 제세공과금을 당첨자가 냅니다. 내는 방법은 당첨 안내 문자로 알려 드립니다.

Q. 경품을 다른 상품이나 현금으로 바꿀 수 있나요?
A. 경품은 다른 상품이나 현금으로 바꿀 수 없습니다. 품절로 준비할 수 없게 되면 같은 가격대의 다른 상품으로 드립니다.

Q. 한 사람이 여러 번 응모해도 되나요?
A. 응모 횟수는 이벤트마다 다르며, 이벤트 페이지의 유의 사항에 적어 둡니다. 여러 계정으로 응모한 사실이 확인되면 당첨을 취소합니다.

달라마켓 고객센터는 평일 오전 9시부터 오후 6시까지 운영한다.",FAQ
겸직 및 이해충돌 방지 규정,"제1조(목적) 이 규정은 직원이 회사 밖의 일을 함께 하거나 개인 이해관계가 업무와 부딪힐 때 지켜야 할 기준을 정한다.
제2조(겸직 허가) 회사 밖에서 보수를 받는 일을 하려는 직원은 미리 겸직 허가 신청서를 내고 부서장과 인사팀장의 허가를 받는다.
제3조(허가하지 않는 겸직) 다음 겸직은 허가하지 않는다.
1. 달라마켓과 같은 품목을 파는 온라인 쇼핑몰 운영이나 판매업
2. 회사의 거래처나 입점 판매자에게서 보수를 받는 일
3. 근무시간과 겹치거나 1주에 8시간을 넘는 일
제4조(신고만 하는 일) 근무시간 밖에 하는 1회성 강의, 기고, 책 출간으로서 1년 동안 받은 보수가 3,000,000원 이하인 일은 인사팀에 알리기만 하면 된다.
제5조(허가 기간) 겸직 허가는 1년 단위로 하며, 계속하려면 허가가 끝나기 30일 전에 다시 신청한다.
제6조(이해충돌 신고) 직원은 다음 경우에 인사 시스템으로 신고하고 관련 업무에서 빠진다.
1. 가족이 거래처나 입점 판매자의 대표 또는 임원인 경우
2. 본인이나 가족이 거래처가 발행한 주식의 1%를 넘게 가진 경우
3. 채용 전형에 가족이나 가까운 지인이 지원한 경우
제7조(업무 배제) 신고를 받은 부서장은 그 업무를 같은 부서의 다른 직원에게 맡기고, 바꾼 사실을 기록한다.
제8조(정기 확인) 인사팀은 해마다 1월에 모든 직원에게서 겸직과 이해충돌 여부를 적은 확인서를 받는다.
제9조(미공개 정보) 입점 판매자와의 계약이나 투자처럼 공개되지 않은 정보를 알게 된 직원은 그 정보가 공개되기 전까지 관련 회사의 주식을 사거나 팔지 않는다.
제10조(판단 요청) 겸직이나 이해충돌에 해당하는지 판단하기 어려운 직원은 법무팀에 물을 수 있고, 법무팀은 5영업일 안에 답한다.
제11조(위반) 허가 없이 겸직하거나 이해충돌을 숨긴 직원은 포상 및 징계 규정에 따라 징계한다.
부칙
제1조(시행일) 이 규정은 2022년 2월 1일부터 시행한다.

달라 주식회사 인사팀 · 문의 hr@example.com · 02-0000-0000",규정
재택근무 규정,"제1장 총칙
제1조(목적) 이 규정은 직원이 자택 등 회사 밖에서 일하는 재택근무의 대상, 신청 절차, 근무 방법을 정한다.
제2조(정의) ""재택근무""란 소정근로일에 사무실 대신 직원이 등록한 자택이나 회사가 인정한 장소에서 업무를 하는 것을 말한다.
제3조(대상) ① 수습 기간을 마친 직원은 재택근무를 신청할 수 있다. ② 다음 업무를 맡은 직원은 재택근무를 할 수 없다.
1. 물류센터 현장 관리
2. 사무실 출입 통제와 시설 관리
3. 대외비 원본 서류를 직접 다루는 업무
제2장 신청과 승인
제4조(주당 일수) 재택근무는 1주에 2일까지 할 수 있다. 임신 중이거나 만 8세 이하 자녀를 둔 직원은 1주에 3일까지 할 수 있다.
제5조(신규 입사자) 입사일부터 6개월이 지나지 않은 직원은 수습을 마쳤더라도 1주에 1일까지만 재택근무를 한다.
제6조(반일 재택) 오전과 오후 가운데 한쪽만 재택근무를 하는 반일 재택은 0.5일로 센다.
제7조(정기 신청) 매주 같은 요일에 재택근무를 하려는 직원은 분기가 시작되기 10일 전까지 요일을 정하여 신청하고, 부서장이 승인한다.
제8조(수시 신청) 정기 요일이 아닌 날에 재택근무를 하려면 전주 금요일 오후 6시까지 인사 시스템에서 신청한다.
제9조(승인 거절) 부서장은 대면 회의, 고객 방문, 신규 입사자 교육처럼 사무실 근무가 필요한 날에는 재택근무를 승인하지 않을 수 있으며, 그 사유를 시스템에 남긴다.
제10조(팀 출근일) 팀장은 매주 하루를 팀 출근일로 정할 수 있고, 팀원은 그날 재택근무를 신청하지 않는다.
제11조(변경과 취소) 승인받은 재택근무일을 바꾸거나 취소하려면 전날 오후 3시까지 부서장에게 알리고 인사 시스템의 신청 내용을 고친다.
제3장 근무 방법
제12조(근무시간) 재택근무일의 근무시간은 사무실 근무일과 같으며, 직원은 일을 시작하고 마친 시각을 근태 시스템에 기록한다.
제13조(연락 유지) ① 재택근무자는 근무시간 동안 사내 메신저를 켜 두고, 받은 메시지에 30분 안에 답한다. ② 30분 넘게 자리를 뜨면 메신저 상태를 ""자리 비움""으로 바꾼다.
제14조(화상 회의) 재택근무자가 들어오는 회의는 화상으로 하며, 참석자는 말할 때 말고는 마이크를 꺼 둔다.
제15조(화면 공유) 화상 회의에서 화면을 공유하기 전에는 고객 정보가 보이는 창을 먼저 닫는다.
제16조(업무 보고) 재택근무자는 근무를 마치기 전에 그날 한 일과 다음 날 할 일을 팀 업무 게시판에 적는다.
제17조(연장근로) 재택근무일에도 부서장이 미리 승인한 연장근로만 인정한다.
제18조(출근 요청) 부서장은 급한 업무가 생기면 재택근무일이라도 출근을 요청할 수 있으며, 그날 출근에 든 교통비는 실비로 준다.
제19조(돌봄과 근무의 구분) 재택근무 중 자녀나 가족을 돌보느라 일하지 못한 시간은 근무시간으로 보지 않으며, 직원은 그 시간을 외출이나 휴가로 처리한다.
제20조(재택근무일 외근) 재택근무일에 급히 외근을 가게 되면 부서장에게 알리고, 자택에서 외근지까지의 교통비를 실비로 청구한다.
제21조(근무 장소) ① 재택근무 장소는 인사 시스템에 등록한 주소로 한다. ② 등록한 곳이 아닌 곳에서 일하려면 전날까지 부서장에게 알리며, 카페 같은 공공장소에서는 대외비 업무를 하지 않는다. ③ 국외에서는 재택근무를 할 수 없다.
제4장 보안과 장비
제22조(보안 수칙) 재택근무자는 정보보안 규정을 지키며, 특히 가상사설망(VPN)으로만 접속하고 가족과 함께 쓰는 기기로는 일하지 않는다.
제23조(문서 출력) 재택근무 중에는 대외비 문서를 출력하지 않는다. 사내 한정 문서를 출력했다면 다음 출근일에 사무실에서 파기한다.
제24조(장비 대여) ① 회사는 재택근무자에게 모니터 1대와 헤드셋 1개를 빌려준다. ② 빌린 장비는 퇴직하거나 재택근무를 그만둔 날부터 14일 안에 돌려준다.
제25조(재택근무 지원금) 한 달에 4일 이상 재택근무를 한 직원에게는 통신비와 전기료를 돕는 지원금 30,000원을 다음 달 급여일에 준다.
제26조(작업 환경 지원) 재택근무를 처음 시작하는 직원에게는 바른 작업 자세 안내서를 보내고, 업무용 의자 구입비를 150,000원까지 한 번 지원한다.
제27조(장비 고장) 업무용 장비가 고장 나면 곧바로 정보보안팀에 알린다. 그날 안에 고칠 수 없으면 사무실로 출근하거나 남은 시간에 연차휴가를 쓴다.
제5장 안전과 중지
제28조(업무상 재해) 재택근무 중 업무를 하다가 다친 경우에도 업무상 재해로 신청할 수 있으며, 직원은 다친 경위를 부서장에게 바로 알린다.
제29조(재택근무 중지) ① 업무 보고가 2주 넘게 빠지거나 연락이 자주 닿지 않는 직원에 대하여 부서장은 재택근무를 1개월 동안 멈출 수 있다. ② 부서장은 중지 결정을 인사팀에 알리고, 직원은 인사팀에 한 번 의견을 낼 수 있다.
제30조(전사 재택근무) 감염병 유행이나 폭설처럼 출근이 위험한 상황에서는 대표이사가 모든 직원에게 재택근무를 명할 수 있으며, 이때는 주당 일수 제한을 적용하지 않는다.
제31조(접속 기록 점검) 정보보안팀은 분기마다 재택근무자의 원격 접속 기록을 점검하고, 등록하지 않은 나라에서 접속한 기록이 나오면 부서장과 인사팀에 알린다.
제32조(운영 점검) 인사팀은 반기마다 재택근무 이용 현황과 직원 설문 결과를 정리하여 경영회의에 보고한다.
부칙
제1조(시행일) 이 규정은 2022년 7월 1일부터 시행한다.

달라 주식회사 인사팀 · 문의 hr@example.com · 02-0000-0000",규정
해외 배송 FAQ,"Q. 어느 나라로 보낼 수 있나요?
A. 지금은 12개 나라로 보낼 수 있으며, 나라 목록은 주문서의 배송 국가 선택란에서 볼 수 있습니다.

Q. 해외 배송비는 어떻게 정해지나요?
A. 상품 무게와 받는 나라에 따라 정하며, 0.5kg까지는 12,000원부터 시작합니다. 주문서에서 배송 국가를 고르면 정확한 금액이 계산됩니다.

Q. 받기까지 얼마나 걸리나요?
A. 출고 뒤 7~14영업일 걸립니다. 통관 검사가 길어지면 더 늦어질 수 있습니다.

Q. 관세와 부가세는 누가 내나요?
A. 받는 나라에서 붙는 관세와 부가세는 받는 분이 냅니다. 나라마다 기준이 달라 달라마켓이 금액을 미리 알려 드릴 수 없습니다.

Q. 해외로 보낼 수 없는 상품이 있나요?
A. 배터리가 든 전자 제품, 액체류와 일부 화장품, 신선식품은 해외로 보낼 수 없으며, 상품 화면에 '해외 배송 불가'라고 표시합니다.

Q. 해외 주소는 어떻게 적나요?
A. 받는 분의 이름과 주소를 영문으로 적어 주세요. 우편번호나 현지 전화번호가 빠지면 배송이 늦어질 수 있습니다.

Q. 해외 배송 상품도 반품할 수 있나요?
A. 반품할 수 있지만, 단순 변심이면 국제 반송비를 고객님이 냅니다. 상품에 문제가 있으면 반송비는 달라마켓이 부담합니다.

달라마켓 고객센터는 평일 오전 9시부터 오후 6시까지 운영한다.",FAQ
회의실 및 공용 공간 이용 규정,"제1조(목적) 이 규정은 회의실, 접견실, 휴게실, 수유실 같은 사내 공용 공간의 예약과 이용 기준을 정한다.
제2조(예약) ① 회의실은 사내 예약 시스템에서 14일 앞까지 예약할 수 있으며, 한 번에 최대 2시간을 잡는다. ② 매주 같은 시간에 여는 정기 회의는 3개월까지 반복 예약할 수 있다.
제3조(자동 취소) 예약 시작 시각에서 15분이 지나도 회의실 입구 화면에서 입실 확인을 하지 않으면 예약이 저절로 취소된다.
제4조(대회의실) 20명 넘게 들어가는 대회의실은 총무팀의 승인을 받아 쓰며, 전사 행사가 있으면 그 일정을 먼저 잡는다.
제5조(예약 시간 한도) 한 사람이 같은 날 예약할 수 있는 회의실 시간은 모두 합하여 4시간까지이다.
제6조(고객 회의 우선) 같은 시간에 고객과의 회의와 내부 회의가 겹치면 고객과의 회의에 회의실을 먼저 내준다.
제7조(외부 손님) 외부 손님과의 회의는 1층 접견실에서 하며, 방문객 등록은 정보보안 규정에 따른다.
제8조(뒷정리) 회의실을 다 쓴 사람은 화이트보드를 지우고, 남은 음식과 자료를 치우고, 화면 장비의 전원을 끈다.
제9조(장비 고장) 회의실 화면이나 화상 회의 장비가 고장 나면 예약 시스템의 고장 신고 기능으로 알리고, 총무팀은 그날 안에 점검한다.
제10조(식사 금지) 회의실에서는 도시락 같은 식사를 하지 않는다. 점심시간에 열리는 회의는 총무팀이 허락하면 예외로 한다.
제11조(휴게실과 수면실) 휴게실 안마의자는 한 사람이 30분 넘게 이어서 쓰지 않으며, 수면실은 한 번에 30분까지 예약한다.
제12조(수유실) 수유실은 예약 없이 쓸 수 있고, 수유와 착유 말고 다른 용도로는 쓰지 않는다.
제13조(라운지) 1층 라운지는 예약 없이 누구나 쓸 수 있으며, 오후 6시 이후 마지막으로 나가는 사람이 조명을 끈다.
제14조(야간과 휴일 이용) 오후 10시 이후나 휴일에 회의실을 쓰려면 전날까지 총무팀에 알린다.
부칙
제1조(시행일) 이 규정은 2023년 2월 1일부터 시행한다.

달라 주식회사 인사팀 · 문의 hr@example.com · 02-0000-0000",규정
직장 내 괴롭힘 예방 규정,"제1조(목적) 이 규정은 직장 내 괴롭힘과 성희롱을 막고, 일이 생겼을 때 공정하고 빠르게 처리하는 절차를 정한다.
제2조(정의) ① ""직장 내 괴롭힘""이란 직장에서의 지위나 관계의 우위를 이용하여 업무상 적정한 범위를 넘어 다른 직원에게 신체적, 정신적 고통을 주거나 근무 환경을 나쁘게 만드는 행위를 말한다. ② 고객이나 거래처 사람의 폭언을 겪은 직원도 이 규정에 따른 보호를 받는다.
제3조(금지 행위) 다음 행위는 직장 내 괴롭힘으로 본다.
1. 폭언, 욕설, 여러 사람 앞에서의 모욕
2. 정당한 이유 없이 업무에서 빼거나 과도한 업무를 몰아주는 일
3. 사적인 심부름을 시키는 일
4. 회식이나 술자리 참석을 강요하는 일
5. 근무시간이 아닌 때에 업무 연락을 되풀이하는 일
제4조(신고 창구) 피해를 입었거나 목격한 직원은 인사팀 고충 담당자, 윤리 신고 시스템, 회사가 계약한 외부 상담 기관 가운데 편한 곳에 신고한다. 윤리 신고 시스템은 이름을 밝히지 않고도 쓸 수 있다.
제5조(조사) ① 인사팀은 신고를 받은 날부터 3영업일 안에 조사를 시작한다. ② 조사는 외부 전문가 1명을 포함한 3명의 조사위원회가 맡으며, 30일 안에 마치되 필요하면 15일 늘릴 수 있다.
제6조(피해자 보호) 조사 기간에 피해자가 원하면 근무 장소를 바꾸거나, 유급 휴가를 5일까지 주거나, 재택근무를 하게 한다.
제7조(비밀 유지) 조사에 참여하거나 진술한 사람은 조사 과정에서 알게 된 내용을 다른 사람에게 알리지 않는다.
제8조(조사 보고서) 조사위원회는 조사를 마치면 확인한 사실, 판단, 권고하는 조치를 담은 보고서를 대표이사에게 낸다.
제9조(행위자 의견) 회사는 조치를 정하기 전에 행위자로 지목된 직원에게 의견을 말할 기회를 준다.
제10조(조치) 괴롭힘이 확인되면 회사는 행위자를 포상 및 징계 규정에 따라 징계하고 피해자와 근무 공간을 떼어 놓으며, 조치 결과를 피해자에게 알린다.
제11조(불이익 금지) 신고했다거나 피해를 주장했다는 이유로 해고, 전보, 평가 불이익 같은 불리한 처우를 하지 않는다.
제12조(거짓 신고) 다른 사람을 해치려고 일부러 거짓 신고를 한 사실이 확인되면 신고한 직원도 징계할 수 있다.
제13조(외부인 폭언) 고객의 폭언이나 성희롱 발언을 겪은 직원은 곧바로 응대를 멈추고 쉴 수 있으며, 원하면 복리후생 규정의 심리 상담을 받는다.
제14조(재발 점검) 조치를 마친 뒤 3개월 동안 인사팀은 매월 피해자를 면담하여 괴롭힘이 다시 일어나지 않았는지 확인한다.
제15조(현황 보고) 인사팀은 분기마다 신고 건수와 처리 결과를 이름을 가린 채 경영회의에 보고한다.
제16조(예방 교육) 모든 직원은 해마다 예방 교육을 받으며, 부서장은 신고 사건을 처리하는 방법을 다루는 관리자 과정 1시간을 더 듣는다.
부칙
제1조(시행일) 이 규정은 2021년 10월 1일부터 시행한다.

달라 주식회사 인사팀 · 문의 hr@example.com · 02-0000-0000",규정
고객센터 이용 FAQ,"Q. 고객센터는 언제 운영하나요?
A. 전화 상담(02-0000-0000)은 평일 오전 9시부터 오후 6시까지이며, 낮 12시부터 1시까지는 점심시간입니다. 채팅 상담은 평일 오전 9시부터 오후 10시까지, 주말과 공휴일에는 오전 10시부터 오후 5시까지 합니다.

Q. 1:1 문의 답변은 언제 받나요?
A. 1:1 문의에 글을 남기면 24시간 안에 첫 답변을 드립니다. 주말에 남긴 문의는 다음 영업일 정오까지 답합니다.

Q. 전화 연결이 너무 오래 걸려요.
A. 기다리는 동안 [상담 예약]을 누르면 원하는 시간에 상담원이 먼저 전화를 드립니다. 월요일 오전과 점심시간 직후에는 전화가 몰리므로 채팅 상담이 더 빠릅니다.

Q. 상담할 때 본인 확인은 왜 하나요?
A. 주문 내역과 개인정보를 지키려고 가입한 휴대전화로 인증번호를 보내 본인임을 확인합니다. 가족의 계정으로 한 주문도 계정 주인이 인증해야 안내할 수 있습니다.

Q. 상담 내용이 녹음되나요?
A. 전화 상담은 안내 멘트가 나온 뒤부터 녹음되며, 녹음 파일은 3개월 뒤에 지웁니다. 채팅 상담 기록은 마이페이지 [상담 내역]에서 다시 볼 수 있습니다.

Q. 상담원에게 욕설을 하면 어떻게 되나요?
A. 욕설이나 성희롱 발언이 이어지면 상담원이 한 번 안내한 뒤 상담을 끝낼 수 있습니다.

Q. 메일로도 문의할 수 있나요?
A. help@example.com으로 보내 주시면 1:1 문의와 같은 기준으로 답해 드립니다. 주문 번호를 함께 적어 주시면 더 빨리 확인할 수 있습니다.

달라마켓 고객센터는 평일 오전 9시부터 오후 6시까지 운영한다.",FAQ
판매자 입점 FAQ,"Q. 누가 달라마켓에 입점할 수 있나요?
A. 사업자등록과 통신판매업 신고를 마친 개인 사업자와 법인 사업자라면 신청할 수 있습니다.

Q. 입점 신청은 어떻게 하나요?
A. 판매자 센터 누리집에서 온라인 신청서를 쓰고 사업자등록증, 통신판매업 신고증, 정산받을 통장 사본을 올리면 됩니다.

Q. 심사는 얼마나 걸리나요?
A. 서류가 모두 갖춰진 날부터 5영업일 안에 결과를 이메일로 알려 드립니다. 서류를 보완해야 하면 보완을 마친 날부터 다시 셉니다.

Q. 판매 수수료는 얼마인가요?
A. 상품 분류에 따라 판매 금액의 8~12%입니다. 분류별 수수료율은 판매자 센터의 [수수료 안내]에서 볼 수 있습니다.

Q. 판매 대금은 언제 받나요?
A. 고객이 구매를 확정한 날부터 7영업일 안에 수수료를 뺀 금액을 등록한 계좌로 보내 드립니다.

Q. 팔 수 없는 상품도 있나요?
A. 의약품, 담배, 모조품, 법령에서 온라인 판매를 막은 상품은 팔 수 없습니다. 식품과 화장품은 관련 허가나 신고를 마친 뒤에 올릴 수 있습니다.

Q. 입점 상담은 어디에 문의하나요?
A. seller@example.com으로 메일을 보내 주시면 입점 담당자가 2영업일 안에 답해 드립니다.

달라마켓 고객센터는 평일 오전 9시부터 오후 6시까지 운영한다.",FAQ
출장비 규정,"제1장 총칙
제1조(목적) 이 규정은 업무상 출장의 승인 절차와 출장 경비의 지급 기준을 정한다.
제2조(정의) ① ""국내 출장""이란 근무지에서 편도 50km 이상 떨어진 국내 지역에 가서 업무를 보는 것을 말한다. ② ""해외 출장""이란 국외에 가서 업무를 보는 것을 말한다. ③ 근무지에서 50km 안쪽으로 다녀오는 외근은 출장으로 보지 않으며, 교통비만 실비로 준다.
제3조(교육·행사 출장) 외부 교육이나 박람회에 참가하려고 가는 출장에도 이 규정의 경비 기준을 적용하되, 참가비와 등록비는 교육훈련 규정에 따라 따로 지원한다.
제4조(출장 승인) ① 국내 출장은 출발 3영업일 전까지 부서장의 승인을 받는다. ② 해외 출장은 출발 14일 전까지 출장 계획서를 내고 본부장의 승인을 받는다. ③ 7일을 넘는 해외 출장은 대표이사의 승인도 받는다.
제5조(위험 지역) 정부가 여행경보 2단계 이상으로 지정한 나라나 지역으로 가는 출장은 기간과 관계없이 대표이사의 승인을 받고, 출장자는 매일 한 번 부서장에게 안전 여부를 알린다.
제6조(출장 계획서) 출장 계획서에는 출장 목적, 일정, 방문할 기관이나 회사, 동행자, 예상 경비를 적는다.
제2장 국내 출장비
제7조(교통비) ① 철도, 고속버스, 항공은 실제 운임을 지급하며, 철도는 일반실, 항공은 일반석을 기준으로 한다. ② 자기 차량을 쓰면 1km에 250원의 유류비와 실제로 낸 통행료를 준다. ③ 회사 차량을 쓰는 방법은 차량 운행 규정을 따른다.
제8조(일비) 국내 출장 일비는 하루 30,000원이며, 식비와 현지 교통비를 포함한다.
제9조(숙박비) 1박 숙박비 상한은 다음과 같다.
1. 서울특별시와 광역시: 100,000원
2. 그 밖의 지역: 80,000원
제10조(당일 출장) 그날 돌아오는 국내 출장에는 일비 15,000원을 준다.
제11조(장기 출장) 같은 지역에 30일을 넘게 머무는 국내 출장은 31일째부터 숙박비 상한의 70%를 적용하고, 총무팀이 장기 숙소를 따로 구할 수 있다.
제12조(출장 중 근로시간) 출장 중에는 소정근로시간을 일한 것으로 본다. 휴일에 이동해야 하는 경우에는 이동에 걸린 시간의 절반을 휴일근로로 인정한다.
제3장 해외 출장비
제13조(항공권) ① 해외 출장 항공권은 총무팀이 한꺼번에 예약하며 일반석을 원칙으로 한다. ② 비행시간이 8시간을 넘는 노선은 본부장 이상에 한하여 비즈니스석을 탈 수 있다. ③ 출장자는 항공 마일리지를 개인 계정에 쌓을 수 있으나, 좌석 등급을 올리는 데 회사 비용을 쓰지 않는다.
제14조(해외 일비와 숙박비) 해외 출장의 하루 일비와 1박 숙박비 상한은 지역별로 다음과 같다.
1. 가 지역(북미, 유럽, 일본): 일비 미화 80달러, 숙박비 미화 200달러
2. 나 지역(중국, 동남아시아): 일비 미화 60달러, 숙박비 미화 150달러
3. 다 지역(그 밖의 나라): 일비 미화 50달러, 숙박비 미화 130달러
제15조(현지 비용) ① 공항과 숙소 사이를 오가는 택시비는 일비와 별도로 실비를 준다. ② 휴대전화 로밍 요금은 하루 11,000원까지 실비로 준다. ③ 비자 발급 수수료와 예방접종 비용은 회사가 부담한다.
제16조(환율) 해외 출장비는 출발일 바로 전 영업일의 매매기준율로 원화로 바꾸어 준다.
제17조(여행자 보험) 해외 출장자는 회사가 가입한 여행자 보험에 자동으로 등록되며, 총무팀은 출발 전날까지 보험 증서를 출장자에게 보낸다.
제18조(가지급) 해외 출장자는 예상 경비의 80% 범위에서 가지급을 신청할 수 있으며, 신청 기한은 출발 5영업일 전이다.
제4장 정산
제19조(정산 기한) 출장자는 돌아온 뒤 7일 안에 출장 보고서와 영수증을 경비 시스템에 올려 정산한다.
제20조(정산 방법) ① 교통비와 숙박비는 상한 안에서 영수증의 실제 금액을 준다. ② 일비는 영수증 없이 정해진 금액을 준다. ③ 숙박비가 상한을 넘었으나 본부장이 불가피한 사유를 인정하면 넘은 금액의 50%까지 더 인정한다.
제21조(영수증 분실) 영수증을 잃어버린 출장자는 분실 사유서와 카드 사용 내역서를 대신 낼 수 있으며, 이 방법은 한 번의 출장에 2건까지만 인정한다.
제22조(출장 보고서) 출장 보고서에는 실제 일정, 만난 기관과 담당 부서, 논의한 내용, 후속 조치를 적고, 부서장은 보고서를 받은 날부터 3영업일 안에 승인한다.
제23조(사고와 분실) 출장 중 다치거나 소지품을 도난당하면 곧바로 총무팀에 알린다. 총무팀은 보험 청구와 업무상 재해 신청을 돕는다.
제24조(동행 출장 정산) 여러 직원이 함께 출장을 가면 대표 한 사람이 교통비와 숙박비를 한꺼번에 정산할 수 있으며, 일비는 사람마다 따로 받는다.
제25조(미정산 가지급금) 정산 기한을 넘기고도 정산하지 않은 가지급금은 다음 달 급여에서 뗀다.
제26조(부정 청구) 쓰지 않은 경비를 청구하거나 금액을 부풀린 출장자는 받은 금액을 모두 돌려주며, 포상 및 징계 규정에 따른 징계 대상이 된다.
제27조(출장 중 휴일) 출장 기간에 낀 휴일에 업무를 하면 휴일근로로 인정한다. 업무를 하지 않은 휴일에도 일비와 숙박비는 준다.
제28조(출장 취소) 회사 사정으로 출장이 취소되어 생긴 항공권과 숙소의 취소 수수료는 회사가 부담하고, 개인 사정으로 취소했으면 본인이 부담한다.
부칙
제1조(시행일) 이 규정은 2024년 1월 1일부터 시행한다.

달라 주식회사 인사팀 · 문의 hr@example.com · 02-0000-0000",규정
복리후생 규정,"제1장 총칙
제1조(목적) 이 규정은 직원의 건강과 생활 안정을 돕는 복리후생 제도의 종류, 대상, 신청 방법을 정한다.
제2조(대상) ① 복리후생은 수습 기간이 끝난 정규직과 계약 기간이 1년 이상인 계약직에게 준다. ② 휴직 중인 직원은 건강검진과 단체 보험만 받는다.
제3조(운영) 복리후생 제도의 운영과 예산 관리는 총무팀이 맡으며, 해마다 1월에 그해 제도 안내서를 사내 게시판에 올린다.
제4조(문의 창구) 총무팀 복지 담당자는 평일 오전 10시부터 오후 5시까지 사내 메신저로 복리후생 문의를 받는다.
제2장 복지포인트
제5조(지급액) ① 복지포인트는 매년 1월 1일에 한 사람당 1,200,000포인트를 주며, 1포인트는 1원으로 쓴다. ② 연도 중간에 입사한 직원은 입사한 달부터 12월까지의 달수에 비례하여 받는다.
제6조(사용처) 복지포인트는 복지몰에서 물건을 사는 데 쓰거나, 운동, 여행, 도서, 공연, 자기계발, 의료비로 쓴 영수증을 올려 돌려받는 데 쓴다.
제7조(사용 제한) 상품권, 귀금속, 술, 담배를 사는 데에는 복지포인트를 쓸 수 없다.
제8조(사용 기한) 복지포인트는 12월 15일까지 써야 하며, 남은 포인트는 다음 해로 넘어가지 않는다.
제9조(퇴직자의 포인트) 퇴직하는 직원은 남은 포인트를 퇴직일까지 쓸 수 있으며, 이미 쓴 포인트를 달수에 맞추어 돌려내지 않는다.
제10조(장기근속 가산) 근속 10년 이상인 직원에게는 해마다 200,000포인트를 더 준다.
제11조(환급 한도) 영수증을 올려 포인트로 돌려받는 금액은 한 건에 300,000원까지이다.
제3장 건강 지원
제12조(건강검진) ① 회사는 모든 직원에게 해마다 한 번 종합 건강검진을 지원한다. ② 지원 한도는 만 40세 이상 직원은 600,000원, 그 밖의 직원은 400,000원이다. ③ 검진은 회사와 계약한 병원에서 받으며, 검진 받는 날은 유급 공가로 처리한다.
제13조(가족 검진) 직원의 배우자에게는 해마다 한 번 300,000원까지 건강검진을 지원한다.
제14조(검진 결과) 검진 병원은 결과지를 직원 본인에게만 보내며, 회사는 개인별 검진 결과를 받거나 보관하지 않는다.
제15조(단체 보험) 회사는 직원 본인과 배우자, 자녀를 피보험자로 하는 단체 상해·질병 보험에 가입하며, 보험료는 회사가 모두 낸다.
제16조(보험금 청구) 단체 보험의 보험금은 직원이 보험사 누리집에서 직접 청구하며, 총무팀은 필요한 서류 목록을 안내한다.
제17조(의료비 지원) 본인의 입원 치료비 가운데 건강보험과 단체 보험으로 보장받지 못한 금액은 1년에 3,000,000원까지 지원한다.
제18조(치과 치료비) 본인의 치과 치료비는 복지포인트와 따로 1년에 500,000원까지 지원하며, 미용 목적의 시술은 지원하지 않는다.
제19조(심리 상담) 직원과 가족은 외부 상담 기관에서 한 사람이 1년에 8회까지 무료로 심리 상담을 받을 수 있으며, 상담 내용은 회사에 알리지 않는다.
제20조(예방접종) 회사는 매년 10월 사내에서 독감 예방접종을 무료로 실시하며, 그날 접종하지 못한 직원은 11월 말까지 가까운 병원에서 맞고 영수증을 올려 돌려받는다.
제21조(체력단련실) 본사 지하 1층 체력단련실은 평일 오전 7시부터 오후 10시까지 직원이 무료로 쓸 수 있다.
제4장 생활 지원
제22조(자녀 학자금) ① 고등학생 자녀의 수업료와 입학금은 실제로 낸 금액을 지원한다. ② 대학생 자녀에게는 한 학기에 2,000,000원까지 지원하며, 자녀 두 명까지만 받는다.
제23조(휴양 시설) ① 직원은 회사가 계약한 휴양 시설을 1년에 2번, 한 번에 2박까지 쓸 수 있으며, 숙박비의 70%를 회사가 부담한다. ② 7월과 8월에는 신청자가 많으면 추첨으로 정한다.
제24조(휴양 시설 취소) 예약한 직원이 이용일 7일 전까지 취소하지 않고 이용하지도 않으면 그해에는 휴양 시설을 더 신청할 수 없다.
제25조(명절 선물) 설과 추석에는 한 사람당 100,000원 상당의 선물을 준다.
제26조(직장 어린이집) 만 5세 이하 자녀를 둔 직원은 회사와 협약한 직장 어린이집에 자녀를 맡길 수 있으며, 정원이 차면 신청한 순서대로 기다린다.
제27조(통근 버스) 회사는 물류센터 근무자를 위하여 가장 가까운 지하철역과 물류센터 사이에 출근 시간 3회, 퇴근 시간 3회 통근 버스를 운행한다.
제28조(다른 규정과의 관계) 주택 자금 대여는 주택자금 대여 규정, 경조금과 화환은 경조금 규정, 동호회 활동비는 사내 동호회 지원 규정을 따른다.
제5장 신청과 정산
제29조(신청 방법) 복리후생 지원은 사유가 생긴 날부터 60일 안에 복지 시스템에 영수증과 증빙을 올려 신청한다.
제30조(지급) 총무팀은 신청을 받은 날부터 10영업일 안에 검토하며, 승인된 금액은 다음 급여일에 급여와 함께 준다.
제31조(과세) 복리후생으로 받은 금액 가운데 세법상 과세 대상인 금액은 급여에 더하여 원천징수한다.
제32조(부정 수급) 거짓 증빙으로 지원을 받은 직원은 받은 금액을 모두 돌려주며, 그해 남은 복리후생 지원을 받지 못한다.
제33조(제도 개선 의견) 직원은 언제든 복지 시스템의 의견함에 제도 개선 의견을 낼 수 있고, 총무팀은 해마다 11월에 의견을 모아 다음 해 제도에 반영할지 검토한다.
부칙
제1조(시행일) 이 규정은 2024년 2월 1일부터 시행한다.

달라 주식회사 인사팀 · 문의 hr@example.com · 02-0000-0000",규정
선물·접대 규정,"제1조(목적) 이 규정은 거래처, 입점 판매자, 협력 업체와 선물이나 접대를 주고받을 때 허용되는 범위를 정한다.
제2조(원칙) 직원은 업무와 관련된 사람에게 금품, 향응, 편의를 요구하거나 받지 않는다.
제3조(예외) 다음은 받을 수 있다.
1. 시가 30,000원 이하의 기념품이나 판촉물
2. 업무 협의 자리에서 제공되는 한 사람당 30,000원 이하의 식사
3. 거래처가 행사 참석자 모두에게 똑같이 나누어 주는 기념품
제4조(반환) 허용 범위를 넘는 선물을 받으면 7일 안에 돌려준다. 상하기 쉬운 식품처럼 돌려줄 수 없는 것은 총무팀에 넘겨 사회복지 기관에 기부하고, 처리 결과를 윤리 신고 시스템에 적는다.
제5조(명절 기간) 설과 추석 앞뒤 2주 동안에는 금액과 관계없이 거래처의 선물을 받지 않는다.
제6조(주는 선물) 회사가 거래처에 선물을 줄 때에는 한 사람당 50,000원 이하로 하고, 경비 지출 및 법인카드 규정에 따른 결재를 거친다.
제7조(접대) 거래처를 접대할 때에는 한 사람당 50,000원 이하로 하며, 유흥업소에서는 접대하지 않는다.
제8조(공무원) 공무원과 공공기관 직원에게는 금액과 관계없이 선물이나 식사를 제공하지 않는다.
제9조(경조사 부조) 거래처에서 받는 경조사 부조금은 한 번에 50,000원까지 받을 수 있고, 넘는 금액은 돌려준다.
제10조(여행과 행사 초청) 거래처가 비용을 대는 여행이나 행사 초청은 받지 않는다. 업무상 꼭 가야 하는 행사는 회사가 비용을 내고 참석한다.
제11조(신고) 금품을 요구받았거나 누군가 받은 사실을 안 직원은 윤리 신고 시스템이나 법무팀에 신고하며, 회사는 신고자의 신원을 비밀로 지킨다.
제12조(윤리 교육) 구매 업무와 입점 심사 업무를 맡은 직원은 해마다 윤리 교육 1시간을 듣는다.
제13조(거래처 안내) 회사는 매년 12월에 이 규정의 요지를 담은 안내문을 주요 거래처와 입점 판매자에게 보낸다.
부칙
제1조(시행일) 이 규정은 2022년 4월 1일부터 시행한다.

달라 주식회사 인사팀 · 문의 hr@example.com · 02-0000-0000",규정
주문 취소 FAQ,"Q. 주문을 취소하고 싶어요.
A. 주문 상태가 '결제 완료'나 '상품 준비 중'이면 마이페이지 주문 내역에서 [주문 취소]를 눌러 바로 취소할 수 있습니다.

Q. '출고 완료' 상태인데 취소할 수 있나요?
A. 이미 출고된 주문은 취소 대신 반품으로 처리합니다. 상품을 받은 뒤 반품을 신청하거나, 택배 기사에게 받지 않겠다고 알려 주세요. 수취 거절도 단순 변심이면 반품 배송비가 듭니다.

Q. 여러 상품 가운데 일부만 취소할 수 있나요?
A. 할 수 있습니다. 취소할 상품만 골라 [부분 취소]를 누르세요. 남은 주문 금액이 30,000원보다 적어지면 무료 배송 조건이 깨져 배송비 3,000원을 뺀 금액을 돌려드립니다.

Q. 취소하면 사용한 쿠폰과 적립금은 어떻게 되나요?
A. 적립금은 취소와 동시에 돌아옵니다. 쿠폰은 유효기간이 남아 있으면 다시 쓸 수 있게 되돌려 드리고, 기간이 지났으면 돌려드리지 않습니다.

Q. 입금하기 전에 무통장입금 주문을 취소하면요?
A. 입금 전 주문은 낸 돈이 없으므로 주문만 취소되고 환불할 금액은 없습니다. 입금 기한이 지나면 주문이 저절로 취소됩니다.

Q. 판매자가 제 주문을 취소했다는 문자를 받았어요.
A. 품절이나 가격 표시 오류가 있으면 판매자가 주문을 취소할 수 있습니다. 이때 결제 금액은 모두 돌려드리고, 불편을 드린 데 대한 사과로 적립금 1,000원을 드립니다.

달라마켓 고객센터는 평일 오전 9시부터 오후 6시까지 운영한다.",FAQ
문서 관리 규정,"제1조(목적) 이 규정은 회사 문서를 만들고 결재하고 보존하고 폐기하는 절차를 정한다.
제2조(문서의 범위) 이 규정에서 ""문서""란 업무상 만들거나 받은 종이 문서, 전자 문서, 사진, 녹음 파일을 말한다.
제3조(전자 결재) ① 사내 문서는 전자 결재 시스템에서 작성하고 결재한다. ② 결재권자가 3영업일 넘게 자리를 비우면 미리 지정한 대결자가 결재하고, 결재권자는 돌아온 뒤 3영업일 안에 사후 확인을 한다.
제4조(문서 번호) 결재가 끝난 문서에는 시스템이 ""부서 약칭-연도-일련번호"" 모양의 번호를 자동으로 붙인다.
제5조(작성 원칙) 문서는 한글로 쓰고, 뜻을 분명히 해야 할 때만 괄호 안에 외국어를 함께 적는다. 금액은 아라비아 숫자로 쓰고 괄호 안에 한글로 한 번 더 적는다.
제6조(외부 발송) 외부 기관에 보내는 공문은 팀장 결재를 받은 뒤 총무팀이 회사 직인을 찍어 보내며, 직인을 쓸 때마다 직인 대장에 적는다.
제7조(접수) 외부에서 받은 문서는 받은 날 전자 결재 시스템에 등록하여 담당 부서로 넘긴다.
제8조(보존 기간) 문서의 보존 기간은 다음과 같다.
1. 영구: 정관, 이사회 의사록, 등기 서류
2. 10년: 계약서, 회계 장부
3. 5년: 경비 증빙, 인사평가 기록, 결재 문서
4. 3년: 회의록, 일반 공문
5. 1년: 단순 안내문과 참고 자료
제9조(기간 계산) 보존 기간은 문서를 만든 해의 다음 해 1월 1일부터 센다.
제10조(보관 장소) 종이 문서는 만든 해와 그다음 해까지 부서에서 보관하고, 그 뒤에는 총무팀 문서고로 옮긴다.
제11조(폐기 확인) ① 총무팀은 매년 2월에 보존 기간이 지난 문서 목록을 부서마다 보내고, 부서장은 14일 안에 폐기할지 확인한다. ② 소송이나 조사와 관련된 문서는 보존 기간이 지나도 사건이 끝날 때까지 폐기하지 않는다.
제12조(폐기 방법) 종이 문서는 외부 전문 업체에 맡겨 파쇄하고 파쇄 확인서를 받는다. 전자 문서는 시스템에서 지우고 지운 기록을 남긴다.
제13조(열람과 대출) 다른 부서가 보존하는 문서를 보려면 그 부서장의 승인을 받는다. 문서고의 종이 문서는 7일까지 빌릴 수 있다.
부칙
제1조(시행일) 이 규정은 2021년 9월 1일부터 시행한다.

달라 주식회사 인사팀 · 문의 hr@example.com · 02-0000-0000",규정
포장 FAQ,"Q. 포장재는 어떤 것을 쓰나요?
A. 달라마켓 물류센터에서 보내는 상품은 종이 상자와 종이 완충재로 포장하고, 테이프 없이 접어서 닫는 상자를 씁니다.

Q. 여러 상품을 한 상자에 담아 줄 수 있나요?
A. 같은 날 출고되는 상품은 되도록 한 상자에 담습니다. 크기나 보관 온도가 다른 상품은 따로 포장합니다.

Q. 선물 포장을 할 수 있나요?
A. 주문서에서 [선물 포장]을 고르면 상품 하나당 2,000원에 포장 상자와 리본으로 싸 드립니다. 입점 판매자 상품은 판매자가 선물 포장을 제공할 때만 고를 수 있습니다.

Q. 상자에 가격이 적힌 영수증이 들어가나요?
A. 달라마켓 상자에는 가격이 적힌 영수증을 넣지 않습니다. 선물 포장을 고르면 상품에 붙은 가격표도 떼어 보냅니다.

Q. 아이스팩은 어떻게 처리하나요?
A. 깨끗한 아이스팩을 10개 이상 모아 [아이스팩 회수]를 신청하면 택배 기사가 가져가 다시 씁니다.

Q. 포장에 대한 의견은 어디에 남기나요?
A. 주문 상세 화면의 [포장 의견 남기기]로 알려 주세요. 의견을 남겨 주시면 적립금 300원을 드립니다.

달라마켓 고객센터는 평일 오전 9시부터 오후 6시까지 운영한다.",FAQ
